year,aod
1850.0,0.004379166666666667
1850.0833333333333,0.004200000000000001
1850.1666666666667,0.003991666666666667
1850.25,0.003875
1850.3333333333333,0.003675
1850.4166666666667,0.0036000000000000003
1850.5,0.0033875000000000003
1850.5833333333333,0.0033875000000000003
1850.6666666666667,0.0032916666666666667
1850.75,0.003179166666666667
1850.8333333333333,0.003108333333333333
1850.9166666666667,0.0029750000000000006
1851.0,0.0029750000000000006
1851.0833333333333,0.0028875
1851.1666666666667,0.0027958333333333338
1851.25,0.002683333333333333
1851.3333333333333,0.002575
1851.4166666666667,0.002575
1851.5,0.0024833333333333335
1851.5833333333333,0.0023875
1851.6666666666667,0.0022833333333333334
1851.75,0.0021916666666666664
1851.8333333333333,0.0020916666666666666
1851.9166666666667,0.0019749999999999998
1852.0,0.0018833333333333334
1852.0833333333333,0.0017750000000000003
1852.1666666666667,0.0017750000000000003
1852.25,0.0016875
1852.3333333333333,0.0015708333333333332
1852.4166666666667,0.0014875
1852.5,0.0013958333333333333
1852.5833333333333,0.0012791666666666667
1852.6666666666667,0.0012000000000000003
1852.75,0.0010875000000000001
1852.8333333333333,0.0009958333333333334
1852.9166666666667,0.0009958333333333334
1853.0,0.0008791666666666667
1853.0833333333333,0.0007833333333333334
1853.1666666666667,0.0007833333333333334
1853.25,0.0006708333333333333
1853.3333333333333,0.0006708333333333333
1853.4166666666667,0.0005625000000000001
1853.5,0.0005625000000000001
1853.5833333333333,0.0004833333333333333
1853.6666666666667,0.0004833333333333333
1853.75,0.0004833333333333333
1853.8333333333333,0.0003916666666666667
1853.9166666666667,0.0003916666666666667
1854.0,0.0003916666666666667
1854.0833333333333,0.0003916666666666667
1854.1666666666667,0.0003
1854.25,0.0003
1854.3333333333333,0.0003
1854.4166666666667,0.0003
1854.5,0.0003
1854.5833333333333,0.0003
1854.6666666666667,0.00017916666666666667
1854.75,0.00017916666666666667
1854.8333333333333,0.00017916666666666667
1854.9166666666667,0.00017916666666666667
1855.0,0.00017916666666666667
1855.0833333333333,0.00017916666666666667
1855.1666666666667,0.00017916666666666667
1855.25,0.00017916666666666667
1855.3333333333333,0.00017916666666666667
1855.4166666666667,0.00017916666666666667
1855.5,0.00017916666666666667
1855.5833333333333,0.00017916666666666667
1855.6666666666667,0.00017916666666666667
1855.75,0.0028875
1855.8333333333333,0.007512500000000001
1855.9166666666667,0.012216666666666667
1856.0,0.016825000000000003
1856.0833333333333,0.021375
1856.1666666666667,0.025991666666666673
1856.25,0.030612500000000004
1856.3333333333333,0.035187500000000003
1856.4166666666667,0.03992500000000001
1856.5,0.04328333333333334
1856.5833333333333,0.04560000000000001
1856.6666666666667,0.047891666666666666
1856.75,0.05015833333333334
1856.8333333333333,0.052408333333333335
1856.9166666666667,0.05468333333333334
1857.0,0.057029166666666666
1857.0833333333333,0.0593125
1857.1666666666667,0.0614875
1857.25,0.06378333333333334
1857.3333333333333,0.0661125
1857.4166666666667,0.06839583333333334
1857.5,0.0675
1857.5833333333333,0.06358749999999999
1857.6666666666667,0.05959583333333334
1857.75,0.05565833333333334
1857.8333333333333,0.05171666666666667
1857.9166666666667,0.04779166666666667
1858.0,0.04400833333333334
1858.0833333333333,0.04051666666666667
1858.1666666666667,0.03720416666666667
1858.25,0.0343
1858.3333333333333,0.031504166666666666
1858.4166666666667,0.029004166666666664
1858.5,0.026708333333333334
1858.5833333333333,0.024583333333333336
1858.6666666666667,0.022583333333333334
1858.75,0.020795833333333333
1858.8333333333333,0.0192
1858.9166666666667,0.017608333333333333
1859.0,0.016195833333333336
1859.0833333333333,0.015008333333333334
1859.1666666666667,0.013900000000000001
1859.25,0.013004166666666666
1859.3333333333333,0.0120125
1859.4166666666667,0.011008333333333334
1859.5,0.0103125
1859.5833333333333,0.0096875
1859.6666666666667,0.009091666666666666
1859.75,0.0086125
1859.8333333333333,0.008
1859.9166666666667,0.007404166666666667
1860.0,0.006891666666666667
1860.0833333333333,0.0064
1860.1666666666667,0.005879166666666667
1860.25,0.005395833333333333
1860.3333333333333,0.005008333333333333
1860.4166666666667,0.004579166666666667
1860.5,0.004200000000000001
1860.5833333333333,0.003875
1860.6666666666667,0.0036000000000000003
1860.75,0.0032916666666666667
1860.8333333333333,0.003108333333333333
1860.9166666666667,0.0027958333333333338
1861.0,0.002575
1861.0833333333333,0.0023875
1861.1666666666667,0.0021916666666666664
1861.25,0.0019749999999999998
1861.3333333333333,0.0018833333333333334
1861.4166666666667,0.0016875
1861.5,0.0015708333333333332
1861.5833333333333,0.002683333333333333
1861.6666666666667,0.003991666666666667
1861.75,0.005308333333333334
1861.8333333333333,0.0065875000000000005
1861.9166666666667,0.007904166666666669
1862.0,0.0092
1862.0833333333333,0.010529166666666668
1862.1666666666667,0.0118
1862.25,0.013204166666666664
1862.3333333333333,0.014479166666666668
1862.4166666666667,0.015804166666666664
1862.5,0.016195833333333336
1862.5833333333333,0.015612500000000001
1862.6666666666667,0.015091666666666668
1862.75,0.014479166666666668
1862.8333333333333,0.013995833333333332
1862.9166666666667,0.013516666666666668
1863.0,0.012895833333333334
1863.0833333333333,0.012391666666666667
1863.1666666666667,0.0118
1863.25,0.011304166666666665
1863.3333333333333,0.010720833333333334
1863.4166666666667,0.010208333333333333
1863.5,0.0096875
1863.5833333333333,0.0092
1863.6666666666667,0.008725000000000002
1863.75,0.008195833333333333
1863.8333333333333,0.007804166666666668
1863.9166666666667,0.007308333333333333
1864.0,0.006787499999999999
1864.0833333333333,0.0063
1864.1666666666667,0.005775
1864.25,0.005395833333333333
1864.3333333333333,0.005008333333333333
1864.4166666666667,0.004579166666666667
1864.5,0.004200000000000001
1864.5833333333333,0.003875
1864.6666666666667,0.003675
1864.75,0.003504166666666667
1864.8333333333333,0.0032916666666666667
1864.9166666666667,0.003108333333333333
1865.0,0.0028875
1865.0833333333333,0.002683333333333333
1865.1666666666667,0.0024833333333333335
1865.25,0.0022833333333333334
1865.3333333333333,0.0021916666666666664
1865.4166666666667,0.0019749999999999998
1865.5,0.0018833333333333334
1865.5833333333333,0.0016875
1865.6666666666667,0.0015708333333333332
1865.75,0.0014875
1865.8333333333333,0.0013958333333333333
1865.9166666666667,0.0012791666666666667
1866.0,0.0012000000000000003
1866.0833333333333,0.0010875000000000001
1866.1666666666667,0.0009958333333333334
1866.25,0.0009958333333333334
1866.3333333333333,0.0008791666666666667
1866.4166666666667,0.0007833333333333334
1866.5,0.0007833333333333334
1866.5833333333333,0.0006708333333333333
1866.6666666666667,0.0006708333333333333
1866.75,0.0005625000000000001
1866.8333333333333,0.0005625000000000001
1866.9166666666667,0.0004833333333333333
1867.0,0.0004833333333333333
1867.0833333333333,0.0004833333333333333
1867.1666666666667,0.0003916666666666667
1867.25,0.0003916666666666667
1867.3333333333333,0.0003916666666666667
1867.4166666666667,0.0003916666666666667
1867.5,0.0003
1867.5833333333333,0.0003
1867.6666666666667,0.0003
1867.75,0.0003
1867.8333333333333,0.0003
1867.9166666666667,0.0003
1868.0,0.00017916666666666667
1868.0833333333333,0.00017916666666666667
1868.1666666666667,0.00017916666666666667
1868.25,0.00017916666666666667
1868.3333333333333,0.00017916666666666667
1868.4166666666667,0.00017916666666666667
1868.5,0.00017916666666666667
1868.5833333333333,0.00017916666666666667
1868.6666666666667,0.00017916666666666667
1868.75,0.00017916666666666667
1868.8333333333333,0.00017916666666666667
1868.9166666666667,0.0003
1869.0,0.0003
1869.0833333333333,0.0003916666666666667
1869.1666666666667,0.0004833333333333333
1869.25,0.0004833333333333333
1869.3333333333333,0.0005625000000000001
1869.4166666666667,0.0006708333333333333
1869.5,0.0006708333333333333
1869.5833333333333,0.0006708333333333333
1869.6666666666667,0.0006708333333333333
1869.75,0.0006708333333333333
1869.8333333333333,0.0006708333333333333
1869.9166666666667,0.0006708333333333333
1870.0,0.0006708333333333333
1870.0833333333333,0.0005625000000000001
1870.1666666666667,0.0005625000000000001
1870.25,0.0005625000000000001
1870.3333333333333,0.0005625000000000001
1870.4166666666667,0.0005625000000000001
1870.5,0.0005625000000000001
1870.5833333333333,0.0005625000000000001
1870.6666666666667,0.0005625000000000001
1870.75,0.0005625000000000001
1870.8333333333333,0.0005625000000000001
1870.9166666666667,0.0005625000000000001
1871.0,0.0005625000000000001
1871.0833333333333,0.0005625000000000001
1871.1666666666667,0.0004833333333333333
1871.25,0.0004833333333333333
1871.3333333333333,0.0004833333333333333
1871.4166666666667,0.0004833333333333333
1871.5,0.0004833333333333333
1871.5833333333333,0.0005625000000000001
1871.6666666666667,0.0005625000000000001
1871.75,0.0006708333333333333
1871.8333333333333,0.0006708333333333333
1871.9166666666667,0.0007833333333333334
1872.0,0.0007833333333333334
1872.0833333333333,0.0008791666666666667
1872.1666666666667,0.0008791666666666667
1872.25,0.0009958333333333334
1872.3333333333333,0.0009958333333333334
1872.4166666666667,0.0009958333333333334
1872.5,0.0012000000000000003
1872.5833333333333,0.0013958333333333333
1872.6666666666667,0.0015708333333333332
1872.75,0.0017750000000000003
1872.8333333333333,0.0019749999999999998
1872.9166666666667,0.0021916666666666664
1873.0,0.0023875
1873.0833333333333,0.002575
1873.1666666666667,0.0027958333333333338
1873.25,0.0029750000000000006
1873.3333333333333,0.003179166666666667
1873.4166666666667,0.0033875000000000003
1873.5,0.0033875000000000003
1873.5833333333333,0.0032916666666666667
1873.6666666666667,0.003179166666666667
1873.75,0.003108333333333333
1873.8333333333333,0.0028875
1873.9166666666667,0.0027958333333333338
1874.0,0.002683333333333333
1874.0833333333333,0.0024833333333333335
1874.1666666666667,0.0023875
1874.25,0.0022833333333333334
1874.3333333333333,0.0021916666666666664
1874.4166666666667,0.0019749999999999998
1874.5,0.0018833333333333334
1874.5833333333333,0.0016875
1874.6666666666667,0.0015708333333333332
1874.75,0.0014875
1874.8333333333333,0.0013958333333333333
1874.9166666666667,0.0012791666666666667
1875.0,0.0012000000000000003
1875.0833333333333,0.0010875000000000001
1875.1666666666667,0.0009958333333333334
1875.25,0.0008791666666666667
1875.3333333333333,0.0008791666666666667
1875.4166666666667,0.0007833333333333334
1875.5,0.0007833333333333334
1875.5833333333333,0.0006708333333333333
1875.6666666666667,0.0011333333333333334
1875.75,0.0020666666666666667
1875.8333333333333,0.0030375
1875.9166666666667,0.003995833333333333
1876.0,0.0049791666666666665
1876.0833333333333,0.0059541666666666675
1876.1666666666667,0.006891666666666667
1876.25,0.007895833333333333
1876.3333333333333,0.008879166666666667
1876.4166666666667,0.009870833333333334
1876.5,0.010166666666666666
1876.5833333333333,0.009929166666666668
1876.6666666666667,0.009662500000000001
1876.75,0.00945
1876.8333333333333,0.0092125
1876.9166666666667,0.008941666666666667
1877.0,0.008616666666666668
1877.0833333333333,0.008383333333333335
1877.1666666666667,0.008116666666666668
1877.25,0.007879166666666668
1877.3333333333333,0.007650000000000001
1877.4166666666667,0.007391666666666668
1877.5,0.007137500000000001
1877.5833333333333,0.006875
1877.6666666666667,0.006616666666666667
1877.75,0.006333333333333334
1877.8333333333333,0.006045833333333334
1877.9166666666667,0.0057750000000000015
1878.0,0.005504166666666667
1878.0833333333333,0.00525
1878.1666666666667,0.0049875
1878.25,0.004708333333333333
1878.3333333333333,0.004441666666666667
1878.4166666666667,0.004183333333333333
1878.5,0.003983333333333333
1878.5833333333333,0.0038875
1878.6666666666667,0.003741666666666666
1878.75,0.003658333333333333
1878.8333333333333,0.0035250000000000004
1878.9166666666667,0.0034166666666666664
1879.0,0.0032875
1879.0833333333333,0.0031875
1879.1666666666667,0.0030833333333333333
1879.25,0.002958333333333333
1879.3333333333333,0.0028458333333333335
1879.4166666666667,0.002716666666666667
1879.5,0.002625
1879.5833333333333,0.0025208333333333337
1879.6666666666667,0.002404166666666667
1879.75,0.0023083333333333337
1879.8333333333333,0.0021708333333333336
1879.9166666666667,0.0020625
1880.0,0.001975
1880.0833333333333,0.0018708333333333335
1880.1666666666667,0.0017791666666666667
1880.25,0.001666666666666667
1880.3333333333333,0.0015708333333333332
1880.4166666666667,0.0014791666666666668
1880.5,0.0013833333333333336
1880.5833333333333,0.0013125
1880.6666666666667,0.0012833333333333334
1880.75,0.0012083333333333332
1880.8333333333333,0.0011416666666666667
1880.9166666666667,0.0011041666666666667
1881.0,0.0010416666666666667
1881.0833333333333,0.0009666666666666666
1881.1666666666667,0.0009416666666666667
1881.25,0.0008749999999999999
1881.3333333333333,0.0008041666666666666
1881.4166666666667,0.0007666666666666667
1881.5,0.0007375
1881.5833333333333,0.0007000000000000001
1881.6666666666667,0.0007000000000000001
1881.75,0.0007000000000000001
1881.8333333333333,0.0007000000000000001
1881.9166666666667,0.0007000000000000001
1882.0,0.0007000000000000001
1882.0833333333333,0.0007000000000000001
1882.1666666666667,0.0007000000000000001
1882.25,0.0006625
1882.3333333333333,0.0006625
1882.4166666666667,0.0006625
1882.5,0.0006625
1882.5833333333333,0.0006625
1882.6666666666667,0.0006625
1882.75,0.0006291666666666667
1882.8333333333333,0.0006291666666666667
1882.9166666666667,0.0005708333333333335
1883.0,0.029079166666666666
1883.0833333333333,0.03281666666666667
1883.1666666666667,0.03021666666666667
1883.25,0.027800000000000002
1883.3333333333333,0.02550416666666667
1883.4166666666667,0.023487500000000005
1883.5,0.02160833333333333
1883.5833333333333,0.016270833333333335
1883.6666666666667,0.03190833333333334
1883.75,0.057945833333333335
1883.8333333333333,0.07892083333333334
1883.9166666666667,0.10400000000000002
1884.0,0.12787083333333335
1884.0833333333333,0.14267083333333333
1884.1666666666667,0.15838750000000001
1884.25,0.15989583333333332
1884.3333333333333,0.15496666666666667
1884.4166666666667,0.15200000000000002
1884.5,0.1502541666666667
1884.5833333333333,0.14129583333333331
1884.6666666666667,0.1372958333333333
1884.75,0.12915416666666665
1884.8333333333333,0.11967083333333332
1884.9166666666667,0.11332500000000001
1885.0,0.10732083333333332
1885.0833333333333,0.09640416666666667
1885.1666666666667,0.0915875
1885.25,0.08383333333333336
1885.3333333333333,0.0782
1885.4166666666667,0.0722875
1885.5,0.06690833333333335
1885.5833333333333,0.0617125
1885.6666666666667,0.0564875
1885.75,0.05359583333333334
1885.8333333333333,0.049829166666666674
1885.9166666666667,0.04704583333333334
1886.0,0.04369583333333334
1886.0833333333333,0.04007083333333333
1886.1666666666667,0.03646666666666667
1886.25,0.0344625
1886.3333333333333,0.03175833333333334
1886.4166666666667,0.0291875
1886.5,0.02727916666666667
1886.5833333333333,0.024466666666666668
1886.6666666666667,0.022658333333333336
1886.75,0.06920833333333333
1886.8333333333333,0.06368333333333333
1886.9166666666667,0.05861666666666667
1887.0,0.05388333333333334
1887.0833333333333,0.04957916666666667
1887.1666666666667,0.04570833333333333
1887.25,0.04201666666666667
1887.3333333333333,0.03870416666666667
1887.4166666666667,0.0355875
1887.5,0.032808333333333335
1887.5833333333333,0.03449583333333334
1887.6666666666667,0.031700000000000006
1887.75,0.02919166666666667
1887.8333333333333,0.026887499999999998
1887.9166666666667,0.0246875
1888.0,0.02279166666666667
1888.0833333333333,0.021016666666666666
1888.1666666666667,0.019316666666666666
1888.25,0.017804166666666666
1888.3333333333333,0.0163
1888.4166666666667,0.010912499999999999
1888.5,0.0129375
1888.5833333333333,0.014866666666666667
1888.6666666666667,0.02212916666666667
1888.75,0.029462500000000003
1888.8333333333333,0.0367125
1888.9166666666667,0.0375125
1889.0,0.03835416666666667
1889.0833333333333,0.0391
1889.1666666666667,0.03600833333333334
1889.25,0.03311666666666667
1889.3333333333333,0.03046666666666667
1889.4166666666667,0.028075000000000003
1889.5,0.025812500000000002
1889.5833333333333,0.023737499999999998
1889.6666666666667,0.02184583333333334
1889.75,0.020125000000000004
1889.8333333333333,0.019016666666666668
1889.9166666666667,0.025500000000000005
1890.0,0.03200833333333334
1890.0833333333333,0.0385
1890.1666666666667,0.041633333333333335
1890.25,0.04485
1890.3333333333333,0.04799166666666666
1890.4166666666667,0.04417083333333333
1890.5,0.040625
1890.5833333333333,0.03735416666666667
1890.6666666666667,0.034391666666666675
1890.75,0.0335
1890.8333333333333,0.038316666666666666
1890.9166666666667,0.04060833333333334
1891.0,0.043275
1891.0833333333333,0.046012500000000005
1891.1666666666667,0.04230416666666667
1891.25,0.03894583333333333
1891.3333333333333,0.03582916666666667
1891.4166666666667,0.033
1891.5,0.030354166666666668
1891.5833333333333,0.027950000000000003
1891.6666666666667,0.0257375
1891.75,0.02370416666666667
1891.8333333333333,0.0224625
1891.9166666666667,0.022758333333333335
1892.0,0.023045833333333335
1892.0833333333333,0.023325000000000002
1892.1666666666667,0.0257375
1892.25,0.02817916666666667
1892.3333333333333,0.030675000000000004
1892.4166666666667,0.02817916666666667
1892.5,0.025983333333333334
1892.5833333333333,0.023895833333333335
1892.6666666666667,0.021966666666666666
1892.75,0.020200000000000003
1892.8333333333333,0.018633333333333335
1892.9166666666667,0.017154166666666668
1893.0,0.0157875
1893.0833333333333,0.014495833333333333
1893.1666666666667,0.013358333333333333
1893.25,0.0123
1893.3333333333333,0.011312499999999998
1893.4166666666667,0.010479166666666666
1893.5,0.009591666666666667
1893.5833333333333,0.008879166666666667
1893.6666666666667,0.008133333333333334
1893.75,0.007487500000000001
1893.8333333333333,0.006908333333333333
1893.9166666666667,0.006370833333333333
1894.0,0.005875000000000001
1894.0833333333333,0.0053750000000000004
1894.1666666666667,0.004970833333333333
1894.25,0.004612499999999999
1894.3333333333333,0.004229166666666667
1894.4166666666667,0.0038875000000000003
1894.5,0.0036000000000000003
1894.5833333333333,0.0032791666666666668
1894.6666666666667,0.003054166666666667
1894.75,0.0027916666666666667
1894.8333333333333,0.002608333333333334
1894.9166666666667,0.0023875000000000003
1895.0,0.0022125000000000005
1895.0833333333333,0.002054166666666667
1895.1666666666667,0.0018791666666666668
1895.25,0.0017375000000000001
1895.3333333333333,0.0016375
1895.4166666666667,0.0015125
1895.5,0.0013666666666666669
1895.5833333333333,0.0012916666666666667
1895.6666666666667,0.0011958333333333335
1895.75,0.0011166666666666666
1895.8333333333333,0.001025
1895.9166666666667,0.0009458333333333336
1896.0,0.007058333333333334
1896.0833333333333,0.0065
1896.1666666666667,0.007908333333333335
1896.25,0.014983333333333333
1896.3333333333333,0.0220875
1896.4166666666667,0.0252375
1896.5,0.0283875
1896.5833333333333,0.03152083333333333
1896.6666666666667,0.02900833333333333
1896.75,0.026691666666666666
1896.8333333333333,0.0245375
1896.9166666666667,0.0226375
1897.0,0.020816666666666667
1897.0833333333333,0.019170833333333335
1897.1666666666667,0.01765
1897.25,0.01622916666666667
1897.3333333333333,0.015558333333333334
1897.4166666666667,0.016104166666666666
1897.5,0.0166375
1897.5833333333333,0.01719583333333333
1897.6666666666667,0.019579166666666672
1897.75,0.0219375
1897.8333333333333,0.02432916666666667
1897.9166666666667,0.022387500000000005
1898.0,0.0206
1898.0833333333333,0.018975000000000002
1898.1666666666667,0.01747916666666667
1898.25,0.01607916666666667
1898.3333333333333,0.014825
1898.4166666666667,0.01365
1898.5,0.012554166666666667
1898.5833333333333,0.011566666666666668
1898.6666666666667,0.010641666666666666
1898.75,0.0098
1898.8333333333333,0.009020833333333332
1898.9166666666667,0.008329166666666665
1899.0,0.007699999999999999
1899.0833333333333,0.0070875
1899.1666666666667,0.006516666666666666
1899.25,0.006033333333333332
1899.3333333333333,0.005529166666666666
1899.4166666666667,0.0051125
1899.5,0.004716666666666667
1899.5833333333333,0.0043625
1899.6666666666667,0.003987500000000001
1899.75,0.0036916666666666673
1899.8333333333333,0.003375000000000001
1899.9166666666667,0.003145833333333334
1900.0,0.0028875
1900.0833333333333,0.0026875000000000002
1900.1666666666667,0.002475
1900.25,0.0023125000000000003
1900.3333333333333,0.0021291666666666664
1900.4166666666667,0.0019708333333333336
1900.5,0.0018083333333333335
1900.5833333333333,0.001675
1900.6666666666667,0.0015541666666666666
1900.75,0.0014416666666666668
1900.8333333333333,0.0013291666666666666
1900.9166666666667,0.0012541666666666667
1901.0,0.0011291666666666668
1901.0833333333333,0.0010541666666666668
1901.1666666666667,0.0009833333333333335
1901.25,0.0009250000000000001
1901.3333333333333,0.0008833333333333335
1901.4166666666667,0.0007958333333333333
1901.5,0.0007416666666666668
1901.5833333333333,0.0007083333333333334
1901.6666666666667,0.0006583333333333334
1901.75,0.0006333333333333334
1901.8333333333333,0.0005833333333333334
1901.9166666666667,0.00055
1902.0,0.0028541666666666667
1902.0833333333333,0.0042625
1902.1666666666667,0.006537499999999999
1902.25,0.008841666666666666
1902.3333333333333,0.011129166666666667
1902.4166666666667,0.010254166666666667
1902.5,0.009412499999999999
1902.5833333333333,0.00815
1902.6666666666667,0.01601666666666667
1902.75,0.029004166666666675
1902.8333333333333,0.03947916666666667
1902.9166666666667,0.05202083333333333
1903.0,0.06396249999999999
1903.0833333333333,0.07142083333333334
1903.1666666666667,0.07925416666666667
1903.25,0.08002916666666667
1903.3333333333333,0.07755416666666669
1903.4166666666667,0.07605833333333334
1903.5,0.07517083333333334
1903.5833333333333,0.07072083333333334
1903.6666666666667,0.06871666666666666
1903.75,0.06467916666666668
1903.8333333333333,0.05992916666666667
1903.9166666666667,0.05673333333333334
1904.0,0.05372916666666667
1904.0833333333333,0.04826250000000001
1904.1666666666667,0.04588333333333334
1904.25,0.041975000000000005
1904.3333333333333,0.03911666666666667
1904.4166666666667,0.03618333333333334
1904.5,0.033475000000000005
1904.5833333333333,0.030887500000000002
1904.6666666666667,0.02825
1904.75,0.026820833333333335
1904.8333333333333,0.024945833333333334
1904.9166666666667,0.023554166666666668
1905.0,0.02185833333333333
1905.0833333333333,0.020066666666666667
1905.1666666666667,0.018266666666666667
1905.25,0.017291666666666667
1905.3333333333333,0.015937500000000004
1905.4166666666667,0.014650000000000002
1905.5,0.013720833333333335
1905.5833333333333,0.012275
1905.6666666666667,0.011379166666666668
1905.75,0.0108375
1905.8333333333333,0.010166666666666666
1905.9166666666667,0.010337500000000001
1906.0,0.010275
1906.0833333333333,0.011158333333333334
1906.1666666666667,0.007883333333333334
1906.25,0.007679166666666667
1906.3333333333333,0.007341666666666667
1906.4166666666667,0.007050000000000001
1906.5,0.006749999999999999
1906.5833333333333,0.009070833333333334
1906.6666666666667,0.008341666666666667
1906.75,0.0077416666666666675
1906.8333333333333,0.0070999999999999995
1906.9166666666667,0.006525
1907.0,0.0060166666666666676
1907.0833333333333,0.005895833333333333
1907.1666666666667,0.008358333333333334
1907.25,0.010745833333333335
1907.3333333333333,0.013262500000000002
1907.4166666666667,0.013391666666666668
1907.5,0.013595833333333333
1907.5833333333333,0.013833333333333335
1907.6666666666667,0.012829166666666668
1907.75,0.011766666666666667
1907.8333333333333,0.010833333333333334
1907.9166666666667,0.013612500000000001
1908.0,0.0165875
1908.0833333333333,0.019525
1908.1666666666667,0.0179875
1908.25,0.016583333333333335
1908.3333333333333,0.015283333333333335
1908.4166666666667,0.014045833333333336
1908.5,0.012904166666666668
1908.5833333333333,0.01186666666666667
1908.6666666666667,0.010937500000000001
1908.75,0.0101
1908.8333333333333,0.009258333333333334
1908.9166666666667,0.00855
1909.0,0.007854166666666667
1909.0833333333333,0.007366666666666667
1909.1666666666667,0.006787500000000001
1909.25,0.006220833333333334
1909.3333333333333,0.005745833333333333
1909.4166666666667,0.005337499999999999
1909.5,0.004891666666666667
1909.5833333333333,0.0045125
1909.6666666666667,0.004175000000000001
1909.75,0.0038666666666666663
1909.8333333333333,0.0035083333333333334
1909.9166666666667,0.003275
1910.0,0.003779166666666667
1910.0833333333333,0.005533333333333334
1910.1666666666667,0.005358333333333333
1910.25,0.0052166666666666655
1910.3333333333333,0.0049875
1910.4166666666667,0.004625
1910.5,0.004241666666666667
1910.5833333333333,0.003916666666666666
1910.6666666666667,0.0036249999999999998
1910.75,0.003354166666666667
1910.8333333333333,0.0030833333333333325
1910.9166666666667,0.0028416666666666664
1911.0,0.002625
1911.0833333333333,0.003116666666666667
1911.1666666666667,0.0028791666666666666
1911.25,0.0026875000000000002
1911.3333333333333,0.0024708333333333336
1911.4166666666667,0.002275
1911.5,0.0021000000000000003
1911.5833333333333,0.0019500000000000001
1911.6666666666667,0.0018083333333333335
1911.75,0.001666666666666667
1911.8333333333333,0.0015416666666666669
1911.9166666666667,0.00145
1912.0,0.0010708333333333334
1912.0833333333333,0.0023083333333333337
1912.1666666666667,0.0024125
1912.25,0.002541666666666667
1912.3333333333333,0.0026583333333333333
1912.4166666666667,0.017687500000000002
1912.5,0.0327125
1912.5833333333333,0.04774583333333334
1912.6666666666667,0.04451666666666667
1912.75,0.04157916666666667
1912.8333333333333,0.038845833333333336
1912.9166666666667,0.036970833333333335
1913.0,0.0353375
1913.0833333333333,0.03385833333333334
1913.1666666666667,0.031187500000000003
1913.25,0.02867916666666667
1913.3333333333333,0.03015833333333334
1913.4166666666667,0.027754166666666674
1913.5,0.02555
1913.5833333333333,0.023525
1913.6666666666667,0.021637500000000004
1913.75,0.019925000000000002
1913.8333333333333,0.018358333333333334
1913.9166666666667,0.0168875
1914.0,0.015533333333333335
1914.0833333333333,0.014525000000000001
1914.1666666666667,0.013495833333333334
1914.25,0.012545833333333334
1914.3333333333333,0.011649999999999999
1914.4166666666667,0.010720833333333334
1914.5,0.009854166666666669
1914.5833333333333,0.009070833333333335
1914.6666666666667,0.0083625
1914.75,0.007716666666666667
1914.8333333333333,0.007108333333333334
1914.9166666666667,0.006545833333333334
1915.0,0.006054166666666666
1915.0833333333333,0.0055541666666666665
1915.1666666666667,0.005158333333333333
1915.25,0.00475
1915.3333333333333,0.0044041666666666665
1915.4166666666667,0.0040375
1915.5,0.0036999999999999997
1915.5833333333333,0.0034541666666666666
1915.6666666666667,0.0031625000000000004
1915.75,0.0029458333333333333
1915.8333333333333,0.0032041666666666664
1915.9166666666667,0.0030375
1916.0,0.0034000000000000002
1916.0833333333333,0.0031375
1916.1666666666667,0.002925
1916.25,0.0026666666666666666
1916.3333333333333,0.0025041666666666667
1916.4166666666667,0.0023083333333333337
1916.5,0.00235
1916.5833333333333,0.0022416666666666665
1916.6666666666667,0.002466666666666667
1916.75,0.0023791666666666666
1916.8333333333333,0.002654166666666667
1916.9166666666667,0.002654166666666667
1917.0,0.003283333333333334
1917.0833333333333,0.0030000000000000005
1917.1666666666667,0.0027375
1917.25,0.002529166666666667
1917.3333333333333,0.0023250000000000002
1917.4166666666667,0.0021583333333333337
1917.5,0.001979166666666667
1917.5833333333333,0.0018375
1917.6666666666667,0.0016958333333333333
1917.75,0.0015958333333333334
1917.8333333333333,0.0014708333333333333
1917.9166666666667,0.001341666666666667
1918.0,0.001979166666666667
1918.0833333333333,0.001979166666666667
1918.1666666666667,0.002654166666666667
1918.25,0.0024291666666666663
1918.3333333333333,0.0022333333333333333
1918.4166666666667,0.0020583333333333335
1918.5,0.0018499999999999999
1918.5833333333333,0.001754166666666667
1918.6666666666667,0.0016083333333333338
1918.75,0.0014916666666666665
1918.8333333333333,0.0013791666666666668
1918.9166666666667,0.001341666666666667
1919.0,0.001341666666666667
1919.0833333333333,0.001979166666666667
1919.1666666666667,0.002654166666666667
1919.25,0.002654166666666667
1919.3333333333333,0.0024291666666666663
1919.4166666666667,0.0022333333333333333
1919.5,0.0020583333333333335
1919.5833333333333,0.0018499999999999999
1919.6666666666667,0.001754166666666667
1919.75,0.0016083333333333338
1919.8333333333333,0.0014916666666666665
1919.9166666666667,0.0013791666666666668
1920.0,0.0013000000000000002
1920.0833333333333,0.0011958333333333335
1920.1666666666667,0.0011458333333333336
1920.25,0.003108333333333333
1920.3333333333333,0.007108333333333334
1920.4166666666667,0.010095833333333333
1920.5,0.014100000000000001
1920.5833333333333,0.0171125
1920.6666666666667,0.016091666666666667
1920.75,0.014812500000000001
1920.8333333333333,0.013600000000000001
1920.9166666666667,0.012620833333333333
1921.0,0.011625000000000002
1921.0833333333333,0.010612500000000002
1921.1666666666667,0.0097875
1921.25,0.008979166666666668
1921.3333333333333,0.008291666666666668
1921.4166666666667,0.007695833333333333
1921.5,0.007108333333333334
1921.5833333333333,0.006508333333333334
1921.6666666666667,0.0059833333333333336
1921.75,0.005495833333333334
1921.8333333333333,0.0051
1921.9166666666667,0.004691666666666668
1922.0,0.0042875000000000005
1922.0833333333333,0.003991666666666667
1922.1666666666667,0.003675
1922.25,0.0033875000000000003
1922.3333333333333,0.003108333333333333
1922.4166666666667,0.0028875
1922.5,0.002683333333333333
1922.5833333333333,0.0024833333333333335
1922.6666666666667,0.0022833333333333334
1922.75,0.0020916666666666666
1922.8333333333333,0.0018833333333333334
1922.9166666666667,0.0017750000000000003
1923.0,0.0016875
1923.0833333333333,0.0014875
1923.1666666666667,0.0013958333333333333
1923.25,0.0012791666666666667
1923.3333333333333,0.0012000000000000003
1923.4166666666667,0.0010875000000000001
1923.5,0.0009958333333333334
1923.5833333333333,0.0009958333333333334
1923.6666666666667,0.0008791666666666667
1923.75,0.0007833333333333334
1923.8333333333333,0.0007833333333333334
1923.9166666666667,0.0006708333333333333
1924.0,0.0029375000000000004
1924.0833333333333,0.002683333333333334
1924.1666666666667,0.0030833333333333338
1924.25,0.0030916666666666675
1924.3333333333333,0.0030916666666666675
1924.4166666666667,0.0035083333333333334
1924.5,0.004241666666666667
1924.5833333333333,0.0039833333333333335
1924.6666666666667,0.0037
1924.75,0.0037
1924.8333333333333,0.0035
1924.9166666666667,0.003354166666666667
1925.0,0.0031000000000000003
1925.0833333333333,0.0028458333333333335
1925.1666666666667,0.003245833333333333
1925.25,0.0031958333333333335
1925.3333333333333,0.0035875000000000004
1925.4166666666667,0.0032958333333333333
1925.5,0.003041666666666667
1925.5833333333333,0.0027875000000000005
1925.6666666666667,0.0026041666666666665
1925.75,0.0023833333333333332
1925.8333333333333,0.0021875
1925.9166666666667,0.0020375
1926.0,0.0018875
1926.0833333333333,0.0017333333333333333
1926.1666666666667,0.0016458333333333333
1926.25,0.0014916666666666665
1926.3333333333333,0.0013791666666666666
1926.4166666666667,0.002683333333333334
1926.5,0.002933333333333333
1926.5833333333333,0.0033333333333333335
1926.6666666666667,0.0030958333333333337
1926.75,0.00285
1926.8333333333333,0.0026333333333333334
1926.9166666666667,0.0024333333333333334
1927.0,0.0022500000000000003
1927.0833333333333,0.0020958333333333337
1927.1666666666667,0.001958333333333333
1927.25,0.0017874999999999998
1927.3333333333333,0.0016375
1927.4166666666667,0.0014708333333333333
1927.5,0.0013708333333333335
1927.5833333333333,0.0012791666666666665
1927.6666666666667,0.0012291666666666668
1927.75,0.0010875000000000001
1927.8333333333333,0.0010333333333333334
1927.9166666666667,0.0009125000000000001
1928.0,0.0016791666666666667
1928.0833333333333,0.0023750000000000004
1928.1666666666667,0.0027958333333333338
1928.25,0.0033541666666666668
1928.3333333333333,0.0039499999999999995
1928.4166666666667,0.0058375
1928.5,0.006466666666666667
1928.5833333333333,0.007237500000000001
1928.6666666666667,0.0073
1928.75,0.006845833333333333
1928.8333333333333,0.006787499999999999
1928.9166666666667,0.008395833333333333
1929.0,0.008604166666666668
1929.0833333333333,0.01
1929.1666666666667,0.010404166666666666
1929.25,0.009975
1929.3333333333333,0.009862500000000001
1929.4166666666667,0.009804166666666668
1929.5,0.010379166666666667
1929.5833333333333,0.010820833333333333
1929.6666666666667,0.010479166666666666
1929.75,0.009833333333333333
1929.8333333333333,0.0092875
1929.9166666666667,0.008654166666666666
1930.0,0.0079375
1930.0833333333333,0.007516666666666667
1930.1666666666667,0.006925000000000001
1930.25,0.0063875
1930.3333333333333,0.006529166666666667
1930.4166666666667,0.006387500000000001
1930.5,0.006125000000000001
1930.5833333333333,0.005795833333333333
1930.6666666666667,0.005729166666666667
1930.75,0.0053
1930.8333333333333,0.00495
1930.9166666666667,0.004841666666666667
1931.0,0.005233333333333333
1931.0833333333333,0.0050708333333333334
1931.1666666666667,0.005141666666666667
1931.25,0.005200000000000001
1931.3333333333333,0.005045833333333334
1931.4166666666667,0.004941666666666667
1931.5,0.004941666666666666
1931.5833333333333,0.004533333333333334
1931.6666666666667,0.00445
1931.75,0.0041333333333333335
1931.8333333333333,0.0037750000000000006
1931.9166666666667,0.0040875
1932.0,0.004645833333333334
1932.0833333333333,0.005741666666666667
1932.1666666666667,0.006041666666666667
1932.25,0.006591666666666667
1932.3333333333333,0.007295833333333332
1932.4166666666667,0.008858333333333334
1932.5,0.009608333333333333
1932.5833333333333,0.010262499999999999
1932.6666666666667,0.0105625
1932.75,0.0101625
1932.8333333333333,0.009804166666666668
1932.9166666666667,0.009704166666666666
1933.0,0.009545833333333333
1933.0833333333333,0.008816666666666667
1933.1666666666667,0.0083
1933.25,0.007908333333333335
1933.3333333333333,0.0074958333333333335
1933.4166666666667,0.006879166666666668
1933.5,0.006333333333333334
1933.5833333333333,0.005854166666666667
1933.6666666666667,0.005395833333333333
1933.75,0.00495
1933.8333333333333,0.0045583333333333335
1933.9166666666667,0.0041958333333333335
1934.0,0.003891666666666667
1934.0833333333333,0.003533333333333333
1934.1666666666667,0.0032875
1934.25,0.0030375
1934.3333333333333,0.0028416666666666673
1934.4166666666667,0.0031458333333333334
1934.5,0.0036833333333333336
1934.5833333333333,0.003891666666666667
1934.6666666666667,0.003941666666666667
1934.75,0.004383333333333334
1934.8333333333333,0.005079166666666668
1934.9166666666667,0.004695833333333333
1935.0,0.0044958333333333335
1935.0833333333333,0.0044375000000000005
1935.1666666666667,0.0046375
1935.25,0.0048
1935.3333333333333,0.0047625
1935.4166666666667,0.0045875
1935.5,0.004245833333333333
1935.5833333333333,0.004145833333333334
1935.6666666666667,0.003841666666666667
1935.75,0.003645833333333333
1935.8333333333333,0.003554166666666667
1935.9166666666667,0.0034874999999999997
1936.0,0.0033875
1936.0833333333333,0.0032041666666666664
1936.1666666666667,0.003041666666666667
1936.25,0.0029458333333333333
1936.3333333333333,0.0027875
1936.4166666666667,0.0025416666666666665
1936.5,0.00285
1936.5833333333333,0.0034375
1936.6666666666667,0.0034458333333333333
1936.75,0.0036833333333333336
1936.8333333333333,0.003875
1936.9166666666667,0.0035958333333333333
1937.0,0.0032958333333333333
1937.0833333333333,0.003041666666666667
1937.1666666666667,0.0028375
1937.25,0.002625
1937.3333333333333,0.0024500000000000004
1937.4166666666667,0.002258333333333333
1937.5,0.0020333333333333336
1937.5833333333333,0.0025375000000000003
1937.6666666666667,0.0031833333333333336
1937.75,0.0031833333333333336
1937.8333333333333,0.0031875
1937.9166666666667,0.0029875
1938.0,0.0032625
1938.0833333333333,0.003479166666666667
1938.1666666666667,0.004575
1938.25,0.004575
1938.3333333333333,0.004729166666666667
1938.4166666666667,0.004933333333333334
1938.5,0.005491666666666668
1938.5833333333333,0.0055333333333333345
1938.6666666666667,0.005695833333333333
1938.75,0.005875000000000001
1938.8333333333333,0.005504166666666667
1938.9166666666667,0.0051333333333333335
1939.0,0.004679166666666667
1939.0833333333333,0.004329166666666666
1939.1666666666667,0.0048875
1939.25,0.004687500000000001
1939.3333333333333,0.004579166666666667
1939.4166666666667,0.004591666666666667
1939.5,0.004241666666666667
1939.5833333333333,0.0039000000000000007
1939.6666666666667,0.0035916666666666666
1939.75,0.003304166666666667
1939.8333333333333,0.0030916666666666666
1939.9166666666667,0.003116666666666667
1940.0,0.0034375
1940.0833333333333,0.003616666666666667
1940.1666666666667,0.0036958333333333327
1940.25,0.003379166666666667
1940.3333333333333,0.0032333333333333333
1940.4166666666667,0.003075
1940.5,0.0029458333333333333
1940.5833333333333,0.0027375000000000003
1940.6666666666667,0.0032875
1940.75,0.0030375
1940.8333333333333,0.0029874999999999993
1940.9166666666667,0.0027708333333333335
1941.0,0.0025291666666666665
1941.0833333333333,0.002341666666666667
1941.1666666666667,0.002125
1941.25,0.0020250000000000003
1941.3333333333333,0.0018250000000000002
1941.4166666666667,0.0016708333333333332
1941.5,0.0016041666666666667
1941.5833333333333,0.0014875
1941.6666666666667,0.0020833333333333333
1941.75,0.0018916666666666667
1941.8333333333333,0.0017541666666666667
1941.9166666666667,0.0016458333333333336
1942.0,0.0025875000000000004
1942.0833333333333,0.0028375
1942.1666666666667,0.0030291666666666674
1942.25,0.0030833333333333338
1942.3333333333333,0.0034333333333333334
1942.4166666666667,0.003479166666666667
1942.5,0.0036750000000000007
1942.5833333333333,0.003770833333333334
1942.6666666666667,0.006329166666666667
1942.75,0.0061333333333333335
1942.8333333333333,0.005958333333333334
1942.9166666666667,0.006045833333333334
1943.0,0.006095833333333334
1943.0833333333333,0.005595833333333332
1943.1666666666667,0.005154166666666667
1943.25,0.004754166666666666
1943.3333333333333,0.0044041666666666665
1943.4166666666667,0.004004166666666667
1943.5,0.003966666666666667
1943.5833333333333,0.003966666666666667
1943.6666666666667,0.004108333333333334
1943.75,0.0038083333333333337
1943.8333333333333,0.0034916666666666672
1943.9166666666667,0.003179166666666667
1944.0,0.002916666666666667
1944.0833333333333,0.002683333333333333
1944.1666666666667,0.0024791666666666664
1944.25,0.002341666666666667
1944.3333333333333,0.0021333333333333334
1944.4166666666667,0.0019916666666666663
1944.5,0.0018916666666666665
1944.5833333333333,0.0021916666666666664
1944.6666666666667,0.0024791666666666664
1944.75,0.002433333333333334
1944.8333333333333,0.0022375
1944.9166666666667,0.0020875
1945.0,0.002433333333333334
1945.0833333333333,0.002683333333333333
1945.1666666666667,0.002916666666666667
1945.25,0.0027375000000000003
1945.3333333333333,0.0024791666666666664
1945.4166666666667,0.002341666666666667
1945.5,0.0021333333333333334
1945.5833333333333,0.0019916666666666663
1945.6666666666667,0.0018416666666666668
1945.75,0.001675
1945.8333333333333,0.0015791666666666669
1945.9166666666667,0.0014375000000000002
1946.0,0.0015791666666666669
1946.0833333333333,0.0014833333333333332
1946.1666666666667,0.0013750000000000001
1946.25,0.0013333333333333333
1946.3333333333333,0.0014833333333333332
1946.4166666666667,0.002575
1946.5,0.0023875
1946.5833333333333,0.0021916666666666664
1946.6666666666667,0.0019749999999999998
1946.75,0.0018833333333333334
1946.8333333333333,0.0016875
1946.9166666666667,0.0015708333333333332
1947.0,0.0014875
1947.0833333333333,0.0013958333333333333
1947.1666666666667,0.0012791666666666667
1947.25,0.0012000000000000003
1947.3333333333333,0.0010875000000000001
1947.4166666666667,0.0009958333333333334
1947.5,0.003675
1947.5833333333333,0.0035791666666666667
1947.6666666666667,0.0034833333333333335
1947.75,0.003220833333333334
1947.8333333333333,0.002983333333333334
1947.9166666666667,0.002779166666666667
1948.0,0.0025333333333333336
1948.0833333333333,0.0023250000000000002
1948.1666666666667,0.0021458333333333334
1948.25,0.0019958333333333334
1948.3333333333333,0.001829166666666667
1948.4166666666667,0.0016875
1948.5,0.0015916666666666666
1948.5833333333333,0.0014416666666666668
1948.6666666666667,0.001341666666666667
1948.75,0.0012541666666666667
1948.8333333333333,0.0011375
1948.9166666666667,0.0010375
1949.0,0.0009875
1949.0833333333333,0.0012958333333333335
1949.1666666666667,0.0025458333333333335
1949.25,0.0027375
1949.3333333333333,0.0031749999999999994
1949.4166666666667,0.0037291666666666667
1949.5,0.00425
1949.5833333333333,0.004504166666666667
1949.6666666666667,0.004341666666666667
1949.75,0.004095833333333334
1949.8333333333333,0.0037916666666666667
1949.9166666666667,0.0034958333333333334
1950.0,0.00335
1950.0833333333333,0.0030916666666666666
1950.1666666666667,0.0028416666666666673
1950.25,0.0028833333333333332
1950.3333333333333,0.0035875000000000004
1950.4166666666667,0.0033291666666666665
1950.5,0.0030333333333333336
1950.5833333333333,0.0028333333333333335
1950.6666666666667,0.0025791666666666667
1950.75,0.0023958333333333336
1950.8333333333333,0.002254166666666667
1950.9166666666667,0.0020333333333333336
1951.0,0.0018791666666666668
1951.0833333333333,0.0017375000000000001
1951.1666666666667,0.0015916666666666666
1951.25,0.0015583333333333334
1951.3333333333333,0.0013916666666666667
1951.4166666666667,0.0012791666666666667
1951.5,0.0011791666666666667
1951.5833333333333,0.0010708333333333336
1951.6666666666667,0.0024500000000000004
1951.75,0.003395833333333334
1951.8333333333333,0.0031583333333333337
1951.9166666666667,0.0029333333333333334
1952.0,0.0039833333333333335
1952.0833333333333,0.0041958333333333335
1952.1666666666667,0.0038875000000000003
1952.25,0.0038458333333333335
1952.3333333333333,0.0038833333333333337
1952.4166666666667,0.0036750000000000007
1952.5,0.0036249999999999998
1952.5833333333333,0.0035708333333333334
1952.6666666666667,0.0036750000000000007
1952.75,0.0033875000000000003
1952.8333333333333,0.003129166666666667
1952.9166666666667,0.002891666666666667
1953.0,0.002641666666666667
1953.0833333333333,0.0024500000000000004
1953.1666666666667,0.0023000000000000004
1953.25,0.0021
1953.3333333333333,0.00215
1953.4166666666667,0.003345833333333333
1953.5,0.0033916666666666665
1953.5833333333333,0.004004166666666667
1953.6666666666667,0.004604166666666666
1953.75,0.004525
1953.8333333333333,0.0044625
1953.9166666666667,0.004695833333333333
1954.0,0.004900000000000001
1954.0833333333333,0.004745833333333334
1954.1666666666667,0.004695833333333333
1954.25,0.00435
1954.3333333333333,0.003995833333333334
1954.4166666666667,0.0036958333333333335
1954.5,0.003379166666666667
1954.5833333333333,0.003129166666666667
1954.6666666666667,0.0028833333333333337
1954.75,0.002683333333333333
1954.8333333333333,0.0024791666666666664
1954.9166666666667,0.0022749999999999997
1955.0,0.0021333333333333334
1955.0833333333333,0.0019333333333333331
1955.1666666666667,0.0017875
1955.25,0.001675
1955.3333333333333,0.0015375
1955.4166666666667,0.0014375000000000002
1955.5,0.0013333333333333333
1955.5833333333333,0.0015791666666666669
1955.6666666666667,0.0022375
1955.75,0.0020875
1955.8333333333333,0.0019333333333333331
1955.9166666666667,0.0017875
1956.0,0.001641666666666667
1956.0833333333333,0.0015375
1956.1666666666667,0.0013750000000000001
1956.25,0.0012833333333333334
1956.3333333333333,0.0012333333333333335
1956.4166666666667,0.001125
1956.5,0.001025
1956.5833333333333,0.0009750000000000002
1956.6666666666667,0.0008708333333333334
1956.75,0.0008416666666666668
1956.8333333333333,0.0007875
1956.9166666666667,0.0007208333333333333
1957.0,0.0006791666666666668
1957.0833333333333,0.0006333333333333334
1957.1666666666667,0.0005916666666666667
1957.25,0.0005916666666666667
1957.3333333333333,0.0005333333333333334
1957.4166666666667,0.00047916666666666675
1957.5,0.00047916666666666675
1957.5833333333333,0.00042500000000000003
1957.6666666666667,0.00042500000000000003
1957.75,0.0003708333333333334
1957.8333333333333,0.0003708333333333334
1957.9166666666667,0.0003291666666666667
1958.0,0.0003291666666666667
1958.0833333333333,0.0003291666666666667
1958.1666666666667,0.00028333333333333335
1958.25,0.00028333333333333335
1958.3333333333333,0.00028333333333333335
1958.4166666666667,0.00028333333333333335
1958.5,0.0002375
1958.5833333333333,0.0002375
1958.6666666666667,0.0002375
1958.75,0.0002375
1958.8333333333333,0.0002375
1958.9166666666667,0.0002375
1959.0,0.00017916666666666667
1959.0833333333333,0.00017916666666666667
1959.1666666666667,0.00017916666666666667
1959.25,0.00017916666666666667
1959.3333333333333,0.00017916666666666667
1959.4166666666667,0.00017916666666666667
1959.5,0.00017916666666666667
1959.5833333333333,0.00017916666666666667
1959.6666666666667,0.00017916666666666667
1959.75,0.00017916666666666667
1959.8333333333333,0.00017916666666666667
1959.9166666666667,0.00017916666666666667
1960.0,0.00017916666666666667
1960.0833333333333,0.00017916666666666667
1960.1666666666667,0.00017916666666666667
1960.25,0.0015166666666666668
1960.3333333333333,0.0028625000000000005
1960.4166666666667,0.004341666666666667
1960.5,0.0057625
1960.5833333333333,0.0071666666666666675
1960.6666666666667,0.008591666666666666
1960.75,0.008591666666666666
1960.8333333333333,0.008591666666666666
1960.9166666666667,0.008591666666666666
1961.0,0.0079
1961.0833333333333,0.0082375
1961.1666666666667,0.009866666666666668
1961.25,0.0103375
1961.3333333333333,0.009670833333333333
1961.4166666666667,0.009429166666666667
1961.5,0.008770833333333334
1961.5833333333333,0.008816666666666667
1961.6666666666667,0.009320833333333334
1961.75,0.009054166666666667
1961.8333333333333,0.008720833333333334
1961.9166666666667,0.008029166666666665
1962.0,0.007404166666666667
1962.0833333333333,0.007050000000000001
1962.1666666666667,0.0112125
1962.25,0.011879166666666668
1962.3333333333333,0.011070833333333334
1962.4166666666667,0.010404166666666667
1962.5,0.010308333333333334
1962.5833333333333,0.011804166666666666
1962.6666666666667,0.010891666666666668
1962.75,0.011041666666666667
1962.8333333333333,0.010924999999999999
1962.9166666666667,0.010737500000000002
1963.0,0.010891666666666668
1963.0833333333333,0.011191666666666667
1963.1666666666667,0.0117
1963.25,0.015479166666666669
1963.3333333333333,0.027991666666666668
1963.4166666666667,0.039329166666666665
1963.5,0.04310833333333334
1963.5833333333333,0.04680000000000001
1963.6666666666667,0.04992916666666667
1963.75,0.06296666666666667
1963.8333333333333,0.08063333333333333
1963.9166666666667,0.08155000000000001
1964.0,0.07779583333333334
1964.0833333333333,0.07375416666666666
1964.1666666666667,0.0694625
1964.25,0.06639166666666667
1964.3333333333333,0.06485
1964.4166666666667,0.06530833333333334
1964.5,0.07071666666666668
1964.5833333333333,0.06925416666666667
1964.6666666666667,0.06454583333333333
1964.75,0.06029583333333333
1964.8333333333333,0.058737500000000005
1964.9166666666667,0.057612500000000004
1965.0,0.05604583333333334
1965.0833333333333,0.05547916666666667
1965.1666666666667,0.05339166666666667
1965.25,0.04965833333333334
1965.3333333333333,0.04646666666666668
1965.4166666666667,0.04319583333333334
1965.5,0.04007083333333333
1965.5833333333333,0.03690416666666667
1965.6666666666667,0.03417916666666667
1965.75,0.031879166666666674
1965.8333333333333,0.030445833333333335
1965.9166666666667,0.031179166666666664
1966.0,0.0317
1966.0833333333333,0.029833333333333333
1966.1666666666667,0.028058333333333334
1966.25,0.026425
1966.3333333333333,0.024825000000000003
1966.4166666666667,0.02329583333333333
1966.5,0.021862499999999997
1966.5833333333333,0.020429166666666665
1966.6666666666667,0.01904166666666667
1966.75,0.017708333333333333
1966.8333333333333,0.016358333333333332
1966.9166666666667,0.0150625
1967.0,0.013862500000000002
1967.0833333333333,0.012766666666666667
1967.1666666666667,0.011733333333333333
1967.25,0.010808333333333335
1967.3333333333333,0.0113375
1967.4166666666667,0.012875000000000003
1967.5,0.014525000000000001
1967.5833333333333,0.016237500000000002
1967.6666666666667,0.017933333333333332
1967.75,0.019645833333333335
1967.8333333333333,0.018058333333333332
1967.9166666666667,0.016616666666666665
1968.0,0.015295833333333333
1968.0833333333333,0.014095833333333335
1968.1666666666667,0.012979166666666667
1968.25,0.011970833333333333
1968.3333333333333,0.014516666666666666
1968.4166666666667,0.021308333333333335
1968.5,0.028100000000000003
1968.5833333333333,0.03488333333333334
1968.6666666666667,0.04169583333333334
1968.75,0.0484625
1968.8333333333333,0.04686250000000001
1968.9166666666667,0.045345833333333335
1969.0,0.043716666666666675
1969.0833333333333,0.04219583333333333
1969.1666666666667,0.040587500000000006
1969.25,0.039058333333333334
1969.3333333333333,0.037475
1969.4166666666667,0.035845833333333334
1969.5,0.03430416666666667
1969.5833333333333,0.032675
1969.6666666666667,0.031174999999999998
1969.75,0.02955416666666667
1969.8333333333333,0.027979166666666666
1969.9166666666667,0.026437500000000003
1970.0,0.024829166666666666
1970.0833333333333,0.023270833333333334
1970.1666666666667,0.021658333333333335
1970.25,0.020116666666666668
1970.3333333333333,0.01855
1970.4166666666667,0.01705833333333333
1970.5,0.015700000000000002
1970.5833333333333,0.014445833333333333
1970.6666666666667,0.013300000000000001
1970.75,0.012275
1970.8333333333333,0.011312499999999998
1970.9166666666667,0.0103625
1971.0,0.009570833333333332
1971.0833333333333,0.008783333333333334
1971.1666666666667,0.0081125
1971.25,0.007483333333333334
1971.3333333333333,0.0068875
1971.4166666666667,0.0063416666666666665
1971.5,0.005812500000000001
1971.5833333333333,0.005391666666666667
1971.6666666666667,0.005775
1971.75,0.005395833333333333
1971.8333333333333,0.0048875
1971.9166666666667,0.004579166666666667
1972.0,0.004200000000000001
1972.0833333333333,0.003875
1972.1666666666667,0.0036000000000000003
1972.25,0.0032916666666666667
1972.3333333333333,0.0029750000000000006
1972.4166666666667,0.0029750000000000006
1972.5,0.0033875000000000003
1972.5833333333333,0.003795833333333334
1972.6666666666667,0.004200000000000001
1972.75,0.0044958333333333335
1972.8333333333333,0.0048875
1972.9166666666667,0.005308333333333334
1973.0,0.005679166666666668
1973.0833333333333,0.0060875
1973.1666666666667,0.006508333333333334
1973.25,0.006787499999999999
1973.3333333333333,0.007216666666666667
1973.4166666666667,0.007604166666666668
1973.5,0.008
1973.5833333333333,0.008408333333333334
1973.6666666666667,0.008725000000000002
1973.75,0.009091666666666666
1973.8333333333333,0.009495833333333334
1973.9166666666667,0.009879166666666666
1974.0,0.0103125
1974.0833333333333,0.010720833333333334
1974.1666666666667,0.011008333333333334
1974.25,0.011425
1974.3333333333333,0.0118
1974.4166666666667,0.012216666666666667
1974.5,0.012620833333333333
1974.5833333333333,0.013004166666666666
1974.6666666666667,0.013295833333333335
1974.75,0.013708333333333335
1974.8333333333333,0.014100000000000001
1974.9166666666667,0.018395833333333333
1975.0,0.022783333333333336
1975.0833333333333,0.027108333333333335
1975.1666666666667,0.03140416666666667
1975.25,0.03581666666666667
1975.3333333333333,0.04011666666666667
1975.4166666666667,0.03690416666666667
1975.5,0.03399166666666667
1975.5833333333333,0.031316666666666666
1975.6666666666667,0.02879166666666667
1975.75,0.026495833333333333
1975.8333333333333,0.0244
1975.9166666666667,0.022400000000000003
1976.0,0.020600000000000004
1976.0833333333333,0.019000000000000003
1976.1666666666667,0.01749166666666667
1976.25,0.016091666666666667
1976.3333333333333,0.014812500000000001
1976.4166666666667,0.013600000000000001
1976.5,0.012620833333333333
1976.5833333333333,0.011625000000000002
1976.6666666666667,0.010612500000000002
1976.75,0.0097875
1976.8333333333333,0.008979166666666668
1976.9166666666667,0.008291666666666668
1977.0,0.007695833333333333
1977.0833333333333,0.007108333333333334
1977.1666666666667,0.006508333333333334
1977.25,0.0059833333333333336
1977.3333333333333,0.005495833333333334
1977.4166666666667,0.0051
1977.5,0.004691666666666668
1977.5833333333333,0.0042875000000000005
1977.6666666666667,0.003991666666666667
1977.75,0.003675
1977.8333333333333,0.0033875000000000003
1977.9166666666667,0.003108333333333333
1978.0,0.0028875
1978.0833333333333,0.002683333333333333
1978.1666666666667,0.0024833333333333335
1978.25,0.0028875
1978.3333333333333,0.004791666666666667
1978.4166666666667,0.0065875000000000005
1978.5,0.008408333333333334
1978.5833333333333,0.0103125
1978.6666666666667,0.0121125
1978.75,0.012304166666666666
1978.8333333333333,0.012391666666666667
1978.9166666666667,0.012620833333333333
1979.0,0.0128
1979.0833333333333,0.012895833333333334
1979.1666666666667,0.011891666666666667
1979.25,0.010904166666666668
1979.3333333333333,0.010095833333333333
1979.4166666666667,0.009308333333333333
1979.5,0.0085125
1979.5833333333333,0.007904166666666669
1979.6666666666667,0.007216666666666667
1979.75,0.006691666666666668
1979.8333333333333,0.0060875
1979.9166666666667,0.005679166666666668
1980.0,0.0051958333333333336
1980.0833333333333,0.004791666666666667
1980.1666666666667,0.004379166666666667
1980.25,0.004083333333333334
1980.3333333333333,0.003795833333333334
1980.4166666666667,0.0039000000000000003
1980.5,0.0043875
1980.5833333333333,0.004883333333333334
1980.6666666666667,0.005095833333333333
1980.75,0.005204166666666667
1980.8333333333333,0.005387500000000001
1980.9166666666667,0.0051875
1981.0,0.005120833333333334
1981.0833333333333,0.004933333333333334
1981.1666666666667,0.004733333333333334
1981.25,0.004529166666666667
1981.3333333333333,0.004325
1981.4166666666667,0.0048916666666666666
1981.5,0.0055333333333333345
1981.5833333333333,0.005487499999999999
1981.6666666666667,0.005141666666666667
1981.75,0.005095833333333334
1981.8333333333333,0.005125
1981.9166666666667,0.005129166666666667
1982.0,0.0057083333333333335
1982.0833333333333,0.0056791666666666666
1982.1666666666667,0.005683333333333333
1982.25,0.018641666666666664
1982.3333333333333,0.0320875
1982.4166666666667,0.040100000000000004
1982.5,0.050566666666666676
1982.5833333333333,0.05644166666666667
1982.6666666666667,0.05995416666666667
1982.75,0.0657375
1982.8333333333333,0.07461666666666668
1982.9166666666667,0.09040833333333335
1983.0,0.0927541666666667
1983.0833333333333,0.09434166666666667
1983.1666666666667,0.10457916666666667
1983.25,0.09857916666666668
1983.3333333333333,0.0926625
1983.4166666666667,0.08532083333333333
1983.5,0.07847916666666667
1983.5833333333333,0.07222083333333333
1983.6666666666667,0.06650416666666668
1983.75,0.061158333333333335
1983.8333333333333,0.056275
1983.9166666666667,0.052708333333333336
1984.0,0.04930833333333334
1984.0833333333333,0.045562500000000006
1984.1666666666667,0.041908333333333346
1984.25,0.03854166666666667
1984.3333333333333,0.035487500000000005
1984.4166666666667,0.03348333333333334
1984.5,0.031766666666666665
1984.5833333333333,0.029225
1984.6666666666667,0.026879166666666666
1984.75,0.024750000000000005
1984.8333333333333,0.0228
1984.9166666666667,0.02134583333333333
1985.0,0.018354166666666668
1985.0833333333333,0.01825
1985.1666666666667,0.0164
1985.25,0.016170833333333332
1985.3333333333333,0.01484166666666667
1985.4166666666667,0.014229166666666668
1985.5,0.013866666666666666
1985.5833333333333,0.013304166666666667
1985.6666666666667,0.010908333333333332
1985.75,0.010599999999999998
1985.8333333333333,0.010379166666666668
1985.9166666666667,0.012433333333333333
1986.0,0.014429166666666668
1986.0833333333333,0.015883333333333333
1986.1666666666667,0.0138125
1986.25,0.014400000000000001
1986.3333333333333,0.013916666666666666
1986.4166666666667,0.013108333333333333
1986.5,0.013875
1986.5833333333333,0.016279166666666667
1986.6666666666667,0.013158333333333333
1986.75,0.011912500000000001
1986.8333333333333,0.012083333333333335
1986.9166666666667,0.012537500000000002
1987.0,0.013620833333333334
1987.0833333333333,0.0122875
1987.1666666666667,0.012179166666666666
1987.25,0.011529166666666668
1987.3333333333333,0.011070833333333334
1987.4166666666667,0.011829166666666667
1987.5,0.012854166666666667
1987.5833333333333,0.013016666666666668
1987.6666666666667,0.012208333333333335
1987.75,0.010029166666666667
1987.8333333333333,0.009633333333333334
1987.9166666666667,0.010154166666666667
1988.0,0.009870833333333334
1988.0833333333333,0.010545833333333332
1988.1666666666667,0.00915
1988.25,0.008720833333333332
1988.3333333333333,0.008037500000000001
1988.4166666666667,0.007879166666666666
1988.5,0.010195833333333335
1988.5833333333333,0.013441666666666666
1988.6666666666667,0.007775000000000001
1988.75,0.006974999999999999
1988.8333333333333,0.0076458333333333335
1988.9166666666667,0.007825
1989.0,0.008979166666666668
1989.0833333333333,0.007229166666666666
1989.1666666666667,0.006929166666666667
1989.25,0.006841666666666667
1989.3333333333333,0.0059625
1989.4166666666667,0.0067
1989.5,0.0089375
1989.5833333333333,0.012216666666666667
1989.6666666666667,0.007837499999999999
1989.75,0.005825
1989.8333333333333,0.006008333333333333
1989.9166666666667,0.006125000000000001
1990.0,0.0076791666666666675
1990.0833333333333,0.011000000000000001
1990.1666666666667,0.006654166666666667
1990.25,0.005400000000000001
1990.3333333333333,0.005291666666666667
1990.4166666666667,0.0067666666666666665
1990.5,0.009279166666666666
1990.5833333333333,0.009204166666666666
1990.6666666666667,0.008258333333333333
1990.75,0.006004166666666667
1990.8333333333333,0.006333333333333334
1990.9166666666667,0.0066500000000000005
1991.0,0.007137500000000001
1991.0833333333333,0.006591666666666667
1991.1666666666667,0.006420833333333334
1991.25,0.0062375
1991.3333333333333,0.006508333333333334
1991.4166666666667,0.0148125
1991.5,0.029016666666666666
1991.5833333333333,0.05267083333333333
1991.6666666666667,0.07171250000000001
1991.75,0.09457083333333333
1991.8333333333333,0.11627083333333334
1991.9166666666667,0.129725
1992.0,0.14399583333333332
1992.0833333333333,0.14537083333333334
1992.1666666666667,0.14089166666666667
1992.25,0.13817500000000002
1992.3333333333333,0.13656666666666667
1992.4166666666667,0.12845416666666667
1992.5,0.12482083333333334
1992.5833333333333,0.11742083333333332
1992.6666666666667,0.10881249999999999
1992.75,0.1030125
1992.8333333333333,0.09759583333333334
1992.9166666666667,0.08767916666666668
1993.0,0.0833
1993.0833333333333,0.076225
1993.1666666666667,0.07110416666666668
1993.25,0.06574583333333334
1993.3333333333333,0.060825
1993.4166666666667,0.056116666666666676
1993.5,0.05137916666666668
1993.5833333333333,0.04873333333333333
1993.6666666666667,0.04531666666666667
1993.75,0.04277916666666667
1993.8333333333333,0.039700000000000006
1993.9166666666667,0.036437500000000005
1994.0,0.03315
1994.0833333333333,0.03134583333333334
1994.1666666666667,0.028870833333333335
1994.25,0.026533333333333336
1994.3333333333333,0.024816666666666664
1994.4166666666667,0.022266666666666667
1994.5,0.020625
1994.5833333333333,0.019620833333333334
1994.6666666666667,0.0183625
1994.75,0.018675
1994.8333333333333,0.018625
1994.9166666666667,0.020245833333333334
1995.0,0.014225000000000002
1995.0833333333333,0.013866666666666666
1995.1666666666667,0.013308333333333333
1995.25,0.012779166666666668
1995.3333333333333,0.012225
1995.4166666666667,0.011366666666666666
1995.5,0.011079166666666668
1995.5833333333333,0.009983333333333332
1995.6666666666667,0.011058333333333335
1995.75,0.010608333333333332
1995.8333333333333,0.009412499999999999
1995.9166666666667,0.008175
1996.0,0.008287500000000001
1996.0833333333333,0.008162500000000001
1996.1666666666667,0.008358333333333334
1996.25,0.007825
1996.3333333333333,0.007804166666666668
1996.4166666666667,0.006966666666666667
1996.5,0.007420833333333332
1996.5833333333333,0.006908333333333333
1996.6666666666667,0.006675
1996.75,0.006954166666666667
1996.8333333333333,0.006954166666666667
1996.9166666666667,0.006833333333333334
1997.0,0.0068375
1997.0833333333333,0.006333333333333333
1997.1666666666667,0.0059833333333333336
1997.25,0.005916666666666666
1997.3333333333333,0.0064041666666666665
1997.4166666666667,0.006270833333333334
1997.5,0.00605
1997.5833333333333,0.005516666666666667
1997.6666666666667,0.00565
1997.75,0.0056125
1997.8333333333333,0.005191666666666667
1997.9166666666667,0.004783333333333334
1998.0,0.004395833333333334
1998.0833333333333,0.004058333333333334
1998.1666666666667,0.0037583333333333336
1998.25,0.0034833333333333335
1998.3333333333333,0.0031583333333333337
1998.4166666666667,0.0029375000000000004
1998.5,0.002725
1998.5833333333333,0.0025666666666666667
1998.6666666666667,0.0024208333333333334
1998.75,0.002341666666666667
1998.8333333333333,0.0022875
1998.9166666666667,0.0022583333333333335
1999.0,0.0022375000000000003
1999.0833333333333,0.0022166666666666667
1999.1666666666667,0.0022041666666666668
1999.25,0.0022041666666666668
1999.3333333333333,0.0022041666666666668
1999.4166666666667,0.0022041666666666668
1999.5,0.0022041666666666668
1999.5833333333333,0.0022041666666666668
1999.6666666666667,0.0022041666666666668
1999.75,0.0022041666666666668
1999.8333333333333,0.0022041666666666668
1999.9166666666667,0.0022041666666666668
2000.0,0.0022041666666666668
2000.0833333333333,0.0022041666666666668
2000.1666666666667,0.0022041666666666668
2000.25,0.0022041666666666668
2000.3333333333333,0.0022041666666666668
2000.4166666666667,0.0022041666666666668
2000.5,0.0022041666666666668
2000.5833333333333,0.0022041666666666668
2000.6666666666667,0.0022041666666666668
2000.75,0.0022041666666666668
2000.8333333333333,0.0022041666666666668
2000.9166666666667,0.0022041666666666668
2001.0,0.0022041666666666668
2001.0833333333333,0.0022041666666666668
2001.1666666666667,0.0022041666666666668
2001.25,0.0022041666666666668
2001.3333333333333,0.0022041666666666668
2001.4166666666667,0.0022041666666666668
2001.5,0.0022041666666666668
2001.5833333333333,0.0022041666666666668
2001.6666666666667,0.0022041666666666668
2001.75,0.0022041666666666668
2001.8333333333333,0.002170833333333333
2001.9166666666667,0.0022625
2002.0,0.002254166666666667
2002.0833333333333,0.0022416666666666665
2002.1666666666667,0.002129166666666667
2002.25,0.0021666666666666666
2002.3333333333333,0.002
2002.4166666666667,0.001958333333333333
2002.5,0.00155
2002.5833333333333,0.0022291666666666666
2002.6666666666667,0.002229166666666667
2002.75,0.002225
2002.8333333333333,0.0023708333333333333
2002.9166666666667,0.0025458333333333335
2003.0,0.0027291666666666666
2003.0833333333333,0.0028708333333333333
2003.1666666666667,0.0027083333333333334
2003.25,0.002795833333333333
2003.3333333333333,0.0026708333333333337
2003.4166666666667,0.0026
2003.5,0.0027875
2003.5833333333333,0.003045833333333333
2003.6666666666667,0.0031750000000000003
2003.75,0.0029125
2003.8333333333333,0.0029041666666666664
2003.9166666666667,0.002825
2004.0,0.0027208333333333334
2004.0833333333333,0.0025875
2004.1666666666667,0.0026083333333333336
2004.25,0.0025833333333333337
2004.3333333333333,0.0024291666666666667
2004.4166666666667,0.002391666666666667
2004.5,0.0024583333333333336
2004.5833333333333,0.0026125000000000002
2004.6666666666667,0.0026416666666666667
2004.75,0.002529166666666667
2004.8333333333333,0.0025125000000000004
2004.9166666666667,0.0026875000000000002
2005.0,0.0029
2005.0833333333333,0.0030291666666666674
2005.1666666666667,0.0032875
2005.25,0.003429166666666667
2005.3333333333333,0.003366666666666667
2005.4166666666667,0.0032708333333333335
2005.5,0.0033958333333333336
2005.5833333333333,0.0036083333333333336
2005.6666666666667,0.0036708333333333332
2005.75,0.003554166666666667
2005.8333333333333,0.0036541666666666667
2005.9166666666667,0.0036125000000000007
2006.0,0.0035708333333333334
2006.0833333333333,0.0035250000000000004
2006.1666666666667,0.0034125
2006.25,0.003554166666666667
2006.3333333333333,0.003345833333333333
2006.4166666666667,0.003520833333333333
2006.5,0.003916666666666666
2006.5833333333333,0.004241666666666667
2006.6666666666667,0.0044083333333333335
2006.75,0.004166666666666667
2006.8333333333333,0.0044083333333333335
2006.9166666666667,0.0049125
2007.0,0.005145833333333333
2007.0833333333333,0.005091666666666667
2007.1666666666667,0.004554166666666667
2007.25,0.004629166666666667
2007.3333333333333,0.004320833333333334
2007.4166666666667,0.004258333333333334
2007.5,0.004295833333333334
2007.5833333333333,0.004333333333333334
2007.6666666666667,0.004375
2007.75,0.003995833333333334
2007.8333333333333,0.0040625
2007.9166666666667,0.003975
2008.0,0.003958333333333334
2008.0833333333333,0.0037958333333333334
2008.1666666666667,0.0036625000000000004
2008.25,0.0036375
2008.3333333333333,0.0035125
2008.4166666666667,0.003437500000000001
2008.5,0.0036083333333333336
2008.5833333333333,0.003987500000000001
2008.6666666666667,0.004783333333333334
2008.75,0.004870833333333333
2008.8333333333333,0.004858333333333333
2008.9166666666667,0.004729166666666667
2009.0,0.0044
2009.0833333333333,0.004129166666666666
2009.1666666666667,0.004070833333333333
2009.25,0.003983333333333334
2009.3333333333333,0.0038791666666666675
2009.4166666666667,0.003875
2009.5,0.0062625
2009.5833333333333,0.007375
2009.6666666666667,0.006991666666666667
2009.75,0.005795833333333333
2009.8333333333333,0.0053750000000000004
2009.9166666666667,0.004908333333333334
2010.0,0.0045000000000000005
2010.0833333333333,0.004008333333333333
2010.1666666666667,0.003529166666666667
2010.25,0.0035916666666666666
2010.3333333333333,0.0034958333333333334
2010.4166666666667,0.003458333333333333
2010.5,0.0035458333333333336
2010.5833333333333,0.00365
2010.6666666666667,0.003679166666666667
2010.75,0.0034249999999999997
2010.8333333333333,0.0035375000000000003
2010.9166666666667,0.004145833333333334
2011.0,0.00435
2011.0833333333333,0.0041625
2011.1666666666667,0.0037875000000000005
2011.25,0.0037
2011.3333333333333,0.0035458333333333336
2011.4166666666667,0.0035250000000000004
2011.5,0.005212499999999999
2011.5833333333333,0.007029166666666667
2011.6666666666667,0.007120833333333333
2011.75,0.0065541666666666665
2011.8333333333333,0.005929166666666666
2011.9166666666667,0.005366666666666668
2012.0,0.004879166666666667
2012.0833333333333,0.0041333333333333335
2012.1666666666667,0.0039541666666666675
2012.25,0.004008333333333333
2012.3333333333333,0.0036833333333333336
2012.4166666666667,0.003504166666666667
2012.5,0.0035875000000000004
2012.5833333333333,0.0035624999999999997
2012.6666666666667,0.0036125
2012.75,0.0036125
2012.8333333333333,0.0036125
2012.9166666666667,0.0036125
2013.0,0.0
2013.0833333333333,0.0
2013.1666666666667,0.0
2013.25,0.0
2013.3333333333333,0.0
2013.4166666666667,0.0
2013.5,0.0
2013.5833333333333,0.0
2013.6666666666667,0.0
2013.75,0.0
2013.8333333333333,0.0
2013.9166666666667,0.0
2014.0,0.0
2014.0833333333333,0.0
2014.1666666666667,0.0
2014.25,0.0
2014.3333333333333,0.0
2014.4166666666667,0.0
2014.5,0.0
2014.5833333333333,0.0
2014.6666666666667,0.0
2014.75,0.0
2014.8333333333333,0.0
2014.9166666666667,0.0
2015.0,0.0
2015.0833333333333,0.0
2015.1666666666667,0.0
2015.25,0.0
2015.3333333333333,0.0
2015.4166666666667,0.0
2015.5,0.0
2015.5833333333333,0.0
2015.6666666666667,0.0
2015.75,0.0
2015.8333333333333,0.0
2015.9166666666667,0.0
2016.0,0.0
2016.0833333333333,0.0
2016.1666666666667,0.0
2016.25,0.0
2016.3333333333333,0.0
2016.4166666666667,0.0
2016.5,0.0
2016.5833333333333,0.0
2016.6666666666667,0.0
2016.75,0.0
2016.8333333333333,0.0
2016.9166666666667,0.0
2017.0,0.0
2017.0833333333333,0.0
2017.1666666666667,0.0
2017.25,0.0
2017.3333333333333,0.0
2017.4166666666667,0.0
2017.5,0.0
2017.5833333333333,0.0
2017.6666666666667,0.0
2017.75,0.0
2017.8333333333333,0.0
2017.9166666666667,0.0
2018.0,0.0
2018.0833333333333,0.0
2018.1666666666667,0.0
2018.25,0.0
2018.3333333333333,0.0
2018.4166666666667,0.0
2018.5,0.0
2018.5833333333333,0.0
2018.6666666666667,0.0
2018.75,0.0
2018.8333333333333,0.0
2018.9166666666667,0.0
2019.0,0.0
2019.0833333333333,0.0
2019.1666666666667,0.0
2019.25,0.0
2019.3333333333333,0.0
2019.4166666666667,0.0
2019.5,0.0
2019.5833333333333,0.0
2019.6666666666667,0.0
2019.75,0.0
2019.8333333333333,0.0
2019.9166666666667,0.0
2020.0,0.0
2020.0833333333333,0.0
2020.1666666666667,0.0
2020.25,0.0
2020.3333333333333,0.0
2020.4166666666667,0.0
2020.5,0.0
2020.5833333333333,0.0
2020.6666666666667,0.0
2020.75,0.0
2020.8333333333333,0.0
2020.9166666666667,0.0
2021.0,0.0
2021.0833333333333,0.0
2021.1666666666667,0.0
2021.25,0.0
2021.3333333333333,0.0
2021.4166666666667,0.0
2021.5,0.0
2021.5833333333333,0.0
2021.6666666666667,0.0
2021.75,0.0
2021.8333333333333,0.0
2021.9166666666667,0.0
2022.0,0.0
2022.0833333333333,0.0
2022.1666666666667,0.0
2022.25,0.0
2022.3333333333333,0.0
2022.4166666666667,0.0
2022.5,0.0
2022.5833333333333,0.0
2022.6666666666667,0.0
2022.75,0.0
2022.8333333333333,0.0
2022.9166666666667,0.0
