time,TSI
1875-01-15,1361.4756
1875-02-15,1361.3057
1875-03-15,1361.4615
1875-04-15,1361.4684
1875-05-15,1361.4165
1875-06-15,1361.2393
1875-07-15,1361.36
1875-08-15,1361.3481
1875-09-15,1361.2649
1875-10-15,1361.2461
1875-11-15,1361.3066
1875-12-15,1361.3313
1876-01-15,1361.3245
1876-02-15,1361.2599
1876-03-15,1361.4165
1876-04-15,1361.3651
1876-05-15,1361.2657
1876-06-15,1361.2024
1876-07-15,1361.2844
1876-08-15,1361.3085
1876-09-15,1361.2722
1876-10-15,1361.3167
1876-11-15,1361.3245
1876-12-15,1361.2363
1877-01-15,1361.3514
1877-02-15,1361.3774
1877-03-15,1361.3575
1877-04-15,1361.3259
1877-05-15,1361.3927
1877-06-15,1361.3829
1877-07-15,1361.3278
1877-08-15,1361.241
1877-09-15,1361.2937
1877-10-15,1361.2314
1877-11-15,1361.2092
1877-12-15,1361.2408
1878-01-15,1361.182
1878-02-15,1361.1968
1878-03-15,1361.225
1878-04-15,1361.1898
1878-05-15,1361.1667
1878-06-15,1361.2172
1878-07-15,1361.1783
1878-08-15,1361.1501
1878-09-15,1361.1506
1878-10-15,1361.1654
1878-11-15,1361.1786
1878-12-15,1361.1586
1879-01-15,1361.149
1879-02-15,1361.15
1879-03-15,1361.1417
1879-04-15,1361.1709
1879-05-15,1361.1934
1879-06-15,1361.2126
1879-07-15,1361.2281
1879-08-15,1361.268
1879-09-15,1361.2614
1879-10-15,1361.2943
1879-11-15,1361.3147
1879-12-15,1361.3064
1880-01-15,1361.3472
1880-02-15,1361.401
1880-03-15,1361.4897
1880-04-15,1361.4011
1880-05-15,1361.3285
1880-06-15,1361.4377
1880-07-15,1361.5526
1880-08-15,1361.484
1880-09-15,1361.6204
1880-10-15,1361.819
1880-11-15,1361.579
1880-12-15,1361.4597
1881-01-15,1361.4385
1881-02-15,1361.6111
1881-03-15,1361.6802
1881-04-15,1361.8544
1881-05-15,1361.8345
1881-06-15,1361.8062
1881-07-15,1361.8505
1881-08-15,1361.9229
1881-09-15,1361.753
1881-10-15,1361.7994
1881-11-15,1361.6891
1881-12-15,1361.741
1882-01-15,1361.8722
1882-02-15,1361.8944
1882-03-15,1361.8065
1882-04-15,1361.7285
1882-05-15,1361.675
1882-06-15,1361.8068
1882-07-15,1361.7526
1882-08-15,1361.5667
1882-09-15,1361.6033
1882-10-15,1361.5155
1882-11-15,1361.4313
1882-12-15,1361.9612
1883-01-15,1361.7456
1883-02-15,1361.6193
1883-03-15,1361.5964
1883-04-15,1361.6926
1883-05-15,1361.871
1883-06-15,1361.5029
1883-07-15,1361.3911
1883-08-15,1361.9039
1883-09-15,1361.57
1883-10-15,1361.5481
1883-11-15,1361.7324
1883-12-15,1361.8876
1884-01-15,1361.8618
1884-02-15,1361.92
1884-03-15,1362.0139
1884-04-15,1361.6997
1884-05-15,1361.7472
1884-06-15,1361.8854
1884-07-15,1361.793
1884-08-15,1361.6967
1884-09-15,1361.5476
1884-10-15,1361.5165
1884-11-15,1361.701
1884-12-15,1361.4554
1885-01-15,1361.6342
1885-02-15,1361.6602
1885-03-15,1361.773
1885-04-15,1361.7161
1885-05-15,1361.7501
1885-06-15,1361.5282
1885-07-15,1361.8239
1885-08-15,1361.8185
1885-09-15,1361.5535
1885-10-15,1361.4374
1885-11-15,1361.4645
1885-12-15,1361.4838
1886-01-15,1361.3687
1886-02-15,1361.4749
1886-03-15,1361.3962
1886-04-15,1361.6357
1886-05-15,1361.4458
1886-06-15,1361.4446
1886-07-15,1361.3579
1886-08-15,1361.4166
1886-09-15,1361.3514
1886-10-15,1361.3053
1886-11-15,1361.2065
1886-12-15,1361.157
1887-01-15,1361.2504
1887-02-15,1361.3286
1887-03-15,1361.277
1887-04-15,1361.2435
1887-05-15,1361.2758
1887-06-15,1361.2683
1887-07-15,1361.3368
1887-08-15,1361.4225
1887-09-15,1361.2749
1887-10-15,1361.2307
1887-11-15,1361.215
1887-12-15,1361.0874
1888-01-15,1361.317
1888-02-15,1361.2605
1888-03-15,1361.2194
1888-04-15,1361.2125
1888-05-15,1361.1401
1888-06-15,1361.223
1888-07-15,1361.2023
1888-08-15,1361.1686
1888-09-15,1361.1913
1888-10-15,1361.1936
1888-11-15,1361.1292
1888-12-15,1361.2207
1889-01-15,1361.1993
1889-02-15,1361.2028
1889-03-15,1361.2251
1889-04-15,1361.2126
1889-05-15,1361.2125
1889-06-15,1361.1095
1889-07-15,1361.1788
1889-08-15,1361.264
1889-09-15,1361.2845
1889-10-15,1361.2211
1889-11-15,1361.1373
1889-12-15,1361.162
1890-01-15,1361.1987
1890-02-15,1361.1836
1890-03-15,1361.1718
1890-04-15,1361.1658
1890-05-15,1361.1897
1890-06-15,1361.1875
1890-07-15,1361.2192
1890-08-15,1361.2017
1890-09-15,1361.2677
1890-10-15,1361.2349
1890-11-15,1361.2183
1890-12-15,1361.2655
1891-01-15,1361.2365
1891-02-15,1361.3297
1891-03-15,1361.3776
1891-04-15,1361.3596
1891-05-15,1361.461
1891-06-15,1361.6102
1891-07-15,1361.6624
1891-08-15,1361.708
1891-09-15,1361.3885
1891-10-15,1361.705
1891-11-15,1361.6427
1891-12-15,1361.5829
1892-01-15,1361.5837
1892-02-15,1361.442
1892-03-15,1361.8789
1892-04-15,1361.8516
1892-05-15,1361.7029
1892-06-15,1362.0127
1892-07-15,1361.5663
1892-08-15,1362.0283
1892-09-15,1362.005
1892-10-15,1361.9495
1892-11-15,1361.85
1892-12-15,1361.9933
1893-01-15,1361.836
1893-02-15,1361.8505
1893-03-15,1361.929
1893-04-15,1361.9735
1893-05-15,1362.1267
1893-06-15,1362.0596
1893-07-15,1361.9438
1893-08-15,1361.8955
1893-09-15,1361.9067
1893-10-15,1361.921
1893-11-15,1361.7747
1893-12-15,1361.5864
1894-01-15,1361.8641
1894-02-15,1361.9363
1894-03-15,1362.04
1894-04-15,1361.6804
1894-05-15,1361.8508
1894-06-15,1361.893
1894-07-15,1362.0898
1894-08-15,1361.9692
1894-09-15,1362.0266
1894-10-15,1361.6954
1894-11-15,1361.9358
1894-12-15,1361.71
1895-01-15,1361.738
1895-02-15,1361.8224
1895-03-15,1361.7683
1895-04-15,1361.863
1895-05-15,1361.9114
1895-06-15,1361.7771
1895-07-15,1361.9581
1895-08-15,1361.5223
1895-09-15,1361.7283
1895-10-15,1361.5889
1895-11-15,1361.7227
1895-12-15,1361.6835
1896-01-15,1361.7654
1896-02-15,1361.5573
1896-03-15,1361.7456
1896-04-15,1361.7452
1896-05-15,1361.6233
1896-06-15,1361.4114
1896-07-15,1361.625
1896-08-15,1361.5997
1896-09-15,1361.3735
1896-10-15,1361.6366
1896-11-15,1361.5253
1896-12-15,1361.5133
1897-01-15,1361.1328
1897-02-15,1361.2203
1897-03-15,1361.3969
1897-04-15,1361.4373
1897-05-15,1361.3033
1897-06-15,1361.3258
1897-07-15,1361.4067
1897-08-15,1361.286
1897-09-15,1361.4142
1897-10-15,1361.5476
1897-11-15,1361.3829
1897-12-15,1361.2092
1898-01-15,1361.4082
1898-02-15,1361.4138
1898-03-15,1361.4248
1898-04-15,1361.4664
1898-05-15,1361.4277
1898-06-15,1361.4658
1898-07-15,1361.3812
1898-08-15,1361.322
1898-09-15,1361.202
1898-10-15,1361.3842
1898-11-15,1361.5017
1898-12-15,1361.3595
1899-01-15,1361.3097
1899-02-15,1361.2819
1899-03-15,1361.2386
1899-04-15,1361.2977
1899-05-15,1361.277
1899-06-15,1361.2616
1899-07-15,1361.2821
1899-08-15,1361.266
1899-09-15,1361.2203
1899-10-15,1361.2377
1899-11-15,1361.2827
1899-12-15,1361.2789
1900-01-15,1361.2603
1900-02-15,1361.2823
1900-03-15,1361.2397
1900-04-15,1361.3055
1900-05-15,1361.2998
1900-06-15,1361.2821
1900-07-15,1361.2689
1900-08-15,1361.216
1900-09-15,1361.2244
1900-10-15,1361.2158
1900-11-15,1361.2234
1900-12-15,1361.1696
1901-01-15,1361.1259
1901-02-15,1361.1332
1901-03-15,1361.1776
1901-04-15,1361.1517
1901-05-15,1361.0997
1901-06-15,1361.2
1901-07-15,1361.1776
1901-08-15,1361.1493
1901-09-15,1361.1207
1901-10-15,1361.147
1901-11-15,1361.1567
1901-12-15,1361.1577
1902-01-15,1361.1195
1902-02-15,1361.1487
1902-03-15,1361.1624
1902-04-15,1361.1814
1902-05-15,1361.1421
1902-06-15,1361.1425
1902-07-15,1361.1528
1902-08-15,1361.1647
1902-09-15,1361.18
1902-10-15,1361.2413
1902-11-15,1361.2688
1902-12-15,1361.2339
1903-01-15,1361.2422
1903-02-15,1361.297
1903-03-15,1361.2887
1903-04-15,1361.3611
1903-05-15,1361.4443
1903-06-15,1361.3595
1903-07-15,1361.389
1903-08-15,1361.5691
1903-09-15,1361.4764
1903-10-15,1361.1287
1903-11-15,1361.3916
1903-12-15,1361.6619
1904-01-15,1361.599
1904-02-15,1361.4359
1904-03-15,1361.516
1904-04-15,1361.3512
1904-05-15,1361.76
1904-06-15,1361.7098
1904-07-15,1361.6865
1904-08-15,1361.7767
1904-09-15,1361.7931
1904-10-15,1361.6464
1904-11-15,1361.7468
1904-12-15,1361.6658
1905-01-15,1361.5536
1905-02-15,1361.3143
1905-03-15,1361.5486
1905-04-15,1361.8126
1905-05-15,1361.5789
1905-06-15,1361.5924
1905-07-15,1361.4949
1905-08-15,1361.7316
1905-09-15,1361.917
1905-10-15,1361.2231
1905-11-15,1361.6859
1905-12-15,1362.0145
1906-01-15,1361.7266
1906-02-15,1361.5997
1906-03-15,1361.4901
1906-04-15,1361.8264
1906-05-15,1361.6749
1906-06-15,1361.8798
1906-07-15,1361.8373
1906-08-15,1361.8768
1906-09-15,1361.8752
1906-10-15,1361.7004
1906-11-15,1361.5044
1906-12-15,1361.5471
1907-01-15,1361.7606
1907-02-15,1361.5074
1907-03-15,1362.0707
1907-04-15,1361.8335
1907-05-15,1361.619
1907-06-15,1361.3536
1907-07-15,1361.5167
1907-08-15,1361.7252
1907-09-15,1361.7048
1907-10-15,1361.779
1907-11-15,1361.705
1907-12-15,1361.4984
1908-01-15,1361.6599
1908-02-15,1361.6555
1908-03-15,1361.5768
1908-04-15,1361.5885
1908-05-15,1361.7762
1908-06-15,1361.6876
1908-07-15,1361.7776
1908-08-15,1361.4039
1908-09-15,1361.677
1908-10-15,1361.9318
1908-11-15,1361.5244
1908-12-15,1361.5167
1909-01-15,1361.3534
1909-02-15,1361.6383
1909-03-15,1361.6417
1909-04-15,1361.6354
1909-05-15,1361.5084
1909-06-15,1361.4579
1909-07-15,1361.3889
1909-08-15,1361.5784
1909-09-15,1361.4507
1909-10-15,1361.5825
1909-11-15,1361.666
1909-12-15,1361.6809
1910-01-15,1361.5393
1910-02-15,1361.2991
1910-03-15,1361.3916
1910-04-15,1361.338
1910-05-15,1361.2604
1910-06-15,1361.3408
1910-07-15,1361.3241
1910-08-15,1361.284
1910-09-15,1361.2883
1910-10-15,1361.3827
1910-11-15,1361.3999
1910-12-15,1361.2699
1911-01-15,1361.1753
1911-02-15,1361.1967
1911-03-15,1361.2284
1911-04-15,1361.235
1911-05-15,1361.275
1911-06-15,1361.2115
1911-07-15,1361.177
1911-08-15,1361.1656
1911-09-15,1361.1685
1911-10-15,1361.1792
1911-11-15,1361.1534
1911-12-15,1361.1687
1912-01-15,1361.155
1912-02-15,1361.1436
1912-03-15,1361.1549
1912-04-15,1361.1743
1912-05-15,1361.2037
1912-06-15,1361.1761
1912-07-15,1361.19
1912-08-15,1361.1609
1912-09-15,1361.204
1912-10-15,1361.2008
1912-11-15,1361.1924
1912-12-15,1361.1619
1913-01-15,1361.179
1913-02-15,1361.1737
1913-03-15,1361.1536
1913-04-15,1361.1453
1913-05-15,1361.1384
1913-06-15,1361.133
1913-07-15,1361.1464
1913-08-15,1361.1478
1913-09-15,1361.1542
1913-10-15,1361.1674
1913-11-15,1361.1643
1913-12-15,1361.1733
1914-01-15,1361.2014
1914-02-15,1361.1915
1914-03-15,1361.1907
1914-04-15,1361.187
1914-05-15,1361.2766
1914-06-15,1361.2355
1914-07-15,1361.2407
1914-08-15,1361.1311
1914-09-15,1361.1777
1914-10-15,1361.3063
1914-11-15,1361.337
1914-12-15,1361.393
1915-01-15,1361.4298
1915-02-15,1361.453
1915-03-15,1361.6492
1915-04-15,1361.4757
1915-05-15,1361.631
1915-06-15,1361.5856
1915-07-15,1361.6578
1915-08-15,1361.9187
1915-09-15,1361.8031
1915-10-15,1361.7172
1915-11-15,1361.7368
1915-12-15,1361.6825
1916-01-15,1361.696
1916-02-15,1361.7098
1916-03-15,1361.773
1916-04-15,1361.9955
1916-05-15,1361.8237
1916-06-15,1361.764
1916-07-15,1361.8596
1916-08-15,1361.7766
1916-09-15,1361.7048
1916-10-15,1361.6064
1916-11-15,1361.9031
1916-12-15,1361.8834
1917-01-15,1361.8208
1917-02-15,1361.6605
1917-03-15,1362.1598
1917-04-15,1362.2158
1917-05-15,1362.2186
1917-06-15,1362.3381
1917-07-15,1362.4172
1917-08-15,1362.1058
1917-09-15,1362.5994
1917-10-15,1362.4226
1917-11-15,1362.1974
1917-12-15,1361.8901
1918-01-15,1362.0847
1918-02-15,1362.2183
1918-03-15,1361.9873
1918-04-15,1361.9664
1918-05-15,1362.1207
1918-06-15,1362.1075
1918-07-15,1362.0474
1918-08-15,1361.9673
1918-09-15,1362.2068
1918-10-15,1361.9984
1918-11-15,1362.0198
1918-12-15,1361.7893
1919-01-15,1361.7882
1919-02-15,1361.6238
1919-03-15,1361.7777
1919-04-15,1361.8538
1919-05-15,1361.6206
1919-06-15,1361.8641
1919-07-15,1362.1047
1919-08-15,1361.6517
1919-09-15,1361.6223
1919-10-15,1361.6583
1919-11-15,1361.558
1919-12-15,1361.6888
1920-01-15,1361.2184
1920-02-15,1361.6831
1920-03-15,1361.4464
1920-04-15,1361.6401
1920-05-15,1361.5453
1920-06-15,1361.4446
1920-07-15,1361.4783
1920-08-15,1361.499
1920-09-15,1361.2506
1920-10-15,1361.566
1920-11-15,1361.4406
1920-12-15,1361.4618
1921-01-15,1361.4209
1921-02-15,1361.4761
1921-03-15,1361.4163
1921-04-15,1361.4836
1921-05-15,1361.2888
1921-06-15,1361.4395
1921-07-15,1361.4718
1921-08-15,1361.4694
1921-09-15,1361.3372
1921-10-15,1361.2659
1921-11-15,1361.1792
1921-12-15,1361.2872
1922-01-15,1361.3804
1922-02-15,1361.2815
1922-03-15,1361.1821
1922-04-15,1361.5211
1922-05-15,1361.2708
1922-06-15,1361.1909
1922-07-15,1361.1664
1922-08-15,1361.2206
1922-09-15,1361.2124
1922-10-15,1361.2211
1922-11-15,1361.1693
1922-12-15,1361.0708
1923-01-15,1361.2516
1923-02-15,1361.1923
1923-03-15,1361.158
1923-04-15,1361.1815
1923-05-15,1361.1843
1923-06-15,1361.2007
1923-07-15,1361.2148
1923-08-15,1361.1868
1923-09-15,1361.2017
1923-10-15,1361.2468
1923-11-15,1361.2571
1923-12-15,1361.2147
1924-01-15,1361.1573
1924-02-15,1361.1528
1924-03-15,1361.2009
1924-04-15,1361.2217
1924-05-15,1361.3252
1924-06-15,1361.3529
1924-07-15,1361.455
1924-08-15,1361.3428
1924-09-15,1361.3444
1924-10-15,1361.3352
1924-11-15,1361.2539
1924-12-15,1361.3657
1925-01-15,1361.3312
1925-02-15,1361.3115
1925-03-15,1361.3816
1925-04-15,1361.5272
1925-05-15,1361.4834
1925-06-15,1361.689
1925-07-15,1361.7079
1925-08-15,1361.642
1925-09-15,1361.7814
1925-10-15,1361.7036
1925-11-15,1361.535
1925-12-15,1360.9612
1926-01-15,1361.2942
1926-02-15,1361.5765
1926-03-15,1361.6508
1926-04-15,1361.8228
1926-05-15,1361.5641
1926-06-15,1361.6482
1926-07-15,1361.8079
1926-08-15,1361.8555
1926-09-15,1361.6005
1926-10-15,1361.6854
1926-11-15,1362.0303
1926-12-15,1361.7714
1927-01-15,1361.6421
1927-02-15,1362.001
1927-03-15,1362.1466
1927-04-15,1361.9412
1927-05-15,1362.0614
1927-06-15,1361.8927
1927-07-15,1361.8075
1927-08-15,1361.6256
1927-09-15,1361.6506
1927-10-15,1361.9001
1927-11-15,1361.8091
1927-12-15,1361.8906
1928-01-15,1361.6761
1928-02-15,1361.9255
1928-03-15,1361.8365
1928-04-15,1362.0005
1928-05-15,1361.9734
1928-06-15,1361.9706
1928-07-15,1361.8024
1928-08-15,1361.9998
1928-09-15,1361.5138
1928-10-15,1361.8912
1928-11-15,1361.7871
1928-12-15,1361.6077
1929-01-15,1361.7001
1929-02-15,1361.8435
1929-03-15,1361.6354
1929-04-15,1361.6832
1929-05-15,1361.7211
1929-06-15,1361.7275
1929-07-15,1361.8448
1929-08-15,1361.9867
1929-09-15,1361.9528
1929-10-15,1361.3795
1929-11-15,1361.1398
1929-12-15,1361.1484
1930-01-15,1361.9747
1930-02-15,1361.9122
1930-03-15,1361.5493
1930-04-15,1361.4604
1930-05-15,1361.4884
1930-06-15,1361.5588
1930-07-15,1361.5498
1930-08-15,1361.4492
1930-09-15,1361.5015
1930-10-15,1361.352
1930-11-15,1361.4393
1930-12-15,1361.5966
1931-01-15,1361.4769
1931-02-15,1361.297
1931-03-15,1361.4279
1931-04-15,1361.5295
1931-05-15,1361.4846
1931-06-15,1361.4097
1931-07-15,1361.4142
1931-08-15,1361.374
1931-09-15,1361.3949
1931-10-15,1361.348
1931-11-15,1361.3054
1931-12-15,1361.3511
1932-01-15,1361.3597
1932-02-15,1361.3224
1932-03-15,1361.3215
1932-04-15,1361.2484
1932-05-15,1361.2594
1932-06-15,1361.3258
1932-07-15,1361.3862
1932-08-15,1361.3005
1932-09-15,1361.2557
1932-10-15,1361.2592
1932-11-15,1361.2976
1932-12-15,1361.2406
1933-01-15,1361.3029
1933-02-15,1361.1592
1933-03-15,1361.3379
1933-04-15,1361.2823
1933-05-15,1361.2194
1933-06-15,1361.2208
1933-07-15,1361.2325
1933-08-15,1361.2115
1933-09-15,1361.2197
1933-10-15,1361.2117
1933-11-15,1361.2236
1933-12-15,1361.204
1934-01-15,1361.2147
1934-02-15,1361.2764
1934-03-15,1361.288
1934-04-15,1361.2106
1934-05-15,1361.2959
1934-06-15,1361.3297
1934-07-15,1361.3091
1934-08-15,1361.284
1934-09-15,1361.2815
1934-10-15,1361.2999
1934-11-15,1361.3007
1934-12-15,1361.3716
1935-01-15,1361.3689
1935-02-15,1361.4528
1935-03-15,1361.5022
1935-04-15,1361.4672
1935-05-15,1361.4498
1935-06-15,1361.5055
1935-07-15,1361.6178
1935-08-15,1361.6604
1935-09-15,1361.6958
1935-10-15,1361.6924
1935-11-15,1361.4869
1935-12-15,1361.5392
1936-01-15,1361.5604
1936-02-15,1361.8718
1936-03-15,1361.9874
1936-04-15,1362.0304
1936-05-15,1362.055
1936-06-15,1361.9702
1936-07-15,1361.9808
1936-08-15,1362.0924
1936-09-15,1362.2705
1936-10-15,1362.2734
1936-11-15,1362.085
1936-12-15,1362.438
1937-01-15,1362.2781
1937-02-15,1362.4003
1937-03-15,1362.5068
1937-04-15,1361.9177
1937-05-15,1362.0651
1937-06-15,1362.0026
1937-07-15,1361.9668
1937-08-15,1362.5049
1937-09-15,1362.5421
1937-10-15,1361.8901
1937-11-15,1362.358
1937-12-15,1362.0724
1938-01-15,1361.7216
1938-02-15,1362.2441
1938-03-15,1362.2229
1938-04-15,1361.9482
1938-05-15,1362.1482
1938-06-15,1362.4207
1938-07-15,1362.0298
1938-08-15,1362.7466
1938-09-15,1362.2311
1938-10-15,1361.9177
1938-11-15,1361.7748
1938-12-15,1362.0228
1939-01-15,1362.148
1939-02-15,1362.1438
1939-03-15,1362.14
1939-04-15,1361.8247
1939-05-15,1362.3242
1939-06-15,1362.5869
1939-07-15,1362.0033
1939-08-15,1361.7255
1939-09-15,1361.4187
1939-10-15,1361.8701
1939-11-15,1361.8829
1939-12-15,1361.8646
1940-01-15,1361.4419
1940-02-15,1361.645
1940-03-15,1361.7417
1940-04-15,1362.1221
1940-05-15,1361.948
1940-06-15,1361.8423
1940-07-15,1362.0586
1940-08-15,1361.7765
1940-09-15,1362.1078
1940-10-15,1361.778
1940-11-15,1361.8615
1940-12-15,1361.8274
1941-01-15,1361.8898
1941-02-15,1361.7655
1941-03-15,1361.7325
1941-04-15,1361.6956
1941-05-15,1361.729
1941-06-15,1361.64
1941-07-15,1361.7701
1941-08-15,1361.8809
1941-09-15,1361.6176
1941-10-15,1361.6304
1941-11-15,1361.6536
1941-12-15,1361.6709
1942-01-15,1361.6547
1942-02-15,1361.4701
1942-03-15,1361.5841
1942-04-15,1361.628
1942-05-15,1361.7296
1942-06-15,1361.514
1942-07-15,1361.3557
1942-08-15,1361.3837
1942-09-15,1361.4764
1942-10-15,1361.4357
1942-11-15,1361.3792
1942-12-15,1361.5371
1943-01-15,1361.4908
1943-02-15,1361.2454
1943-03-15,1361.3126
1943-04-15,1361.2516
1943-05-15,1361.4296
1943-06-15,1361.3784
1943-07-15,1361.2623
1943-08-15,1361.393
1943-09-15,1361.351
1943-10-15,1361.259
1943-11-15,1361.2963
1943-12-15,1361.291
1944-01-15,1361.3379
1944-02-15,1361.266
1944-03-15,1361.2369
1944-04-15,1361.2561
1944-05-15,1361.2621
1944-06-15,1361.2762
1944-07-15,1361.2997
1944-08-15,1361.3813
1944-09-15,1361.3663
1944-10-15,1361.4446
1944-11-15,1361.3627
1944-12-15,1361.3215
1945-01-15,1361.5011
1945-02-15,1361.5096
1945-03-15,1361.3097
1945-04-15,1361.4315
1945-05-15,1361.6438
1945-06-15,1361.6227
1945-07-15,1361.6697
1945-08-15,1361.6858
1945-09-15,1361.6416
1945-10-15,1361.6066
1945-11-15,1361.9934
1945-12-15,1361.8046
1946-01-15,1361.4619
1946-02-15,1361.0022
1946-03-15,1361.9548
1946-04-15,1362.0468
1946-05-15,1362.1707
1946-06-15,1362.2638
1946-07-15,1361.467
1946-08-15,1362.0465
1946-09-15,1362.1503
1946-10-15,1362.3269
1946-11-15,1362.2682
1946-12-15,1362.0443
1947-01-15,1362.0458
1947-02-15,1361.7283
1947-03-15,1361.4303
1947-04-15,1361.4637
1947-05-15,1362.0767
1947-06-15,1362.9904
1947-07-15,1362.5444
1947-08-15,1362.2014
1947-09-15,1362.7733
1947-10-15,1362.4921
1947-11-15,1362.4045
1947-12-15,1362.1108
1948-01-15,1362.4238
1948-02-15,1362.2975
1948-03-15,1362.1412
1948-04-15,1361.8246
1948-05-15,1362.2183
1948-06-15,1362.5144
1948-07-15,1362.6608
1948-08-15,1362.454
1948-09-15,1362.4044
1948-10-15,1362.425
1948-11-15,1362.4668
1948-12-15,1361.8416
1949-01-15,1362.0123
1949-02-15,1361.6407
1949-03-15,1362.0219
1949-04-15,1362.6006
1949-05-15,1362.455
1949-06-15,1362.2051
1949-07-15,1362.1616
1949-08-15,1361.9465
1949-09-15,1362.1908
1949-10-15,1362.2595
1949-11-15,1362.125
1949-12-15,1362.319
1950-01-15,1362.1439
1950-02-15,1361.7435
1950-03-15,1361.9819
1950-04-15,1361.5767
1950-05-15,1362.0938
1950-06-15,1362.0475
1950-07-15,1361.8904
1950-08-15,1361.8701
1950-09-15,1361.9282
1950-10-15,1361.796
1950-11-15,1361.6483
1950-12-15,1361.7068
1951-01-15,1361.6259
1951-02-15,1361.8552
1951-03-15,1361.7572
1951-04-15,1361.513
1951-05-15,1361.1422
1951-06-15,1361.4565
1951-07-15,1362.0287
1951-08-15,1361.8485
1951-09-15,1361.7087
1951-10-15,1361.6986
1951-11-15,1361.6842
1951-12-15,1361.5325
1952-01-15,1361.5629
1952-02-15,1361.4733
1952-03-15,1361.4598
1952-04-15,1361.4447
1952-05-15,1361.5026
1952-06-15,1361.506
1952-07-15,1361.4337
1952-08-15,1361.5742
1952-09-15,1361.6304
1952-10-15,1361.4473
1952-11-15,1361.27
1952-12-15,1361.351
1953-01-15,1361.461
1953-02-15,1361.422
1953-03-15,1361.331
1953-04-15,1361.253
1953-05-15,1361.3883
1953-06-15,1361.3853
1953-07-15,1361.358
1953-08-15,1361.3219
1953-09-15,1361.3926
1953-10-15,1361.3629
1953-11-15,1361.2706
1953-12-15,1361.225
1954-01-15,1361.2688
1954-02-15,1361.268
1954-03-15,1361.1941
1954-04-15,1361.2755
1954-05-15,1361.2675
1954-06-15,1361.2582
1954-07-15,1361.2548
1954-08-15,1361.2565
1954-09-15,1361.2999
1954-10-15,1361.3286
1954-11-15,1361.3148
1954-12-15,1361.3097
1955-01-15,1361.2178
1955-02-15,1361.3527
1955-03-15,1361.4095
1955-04-15,1361.3977
1955-05-15,1361.3247
1955-06-15,1361.346
1955-07-15,1361.498
1955-08-15,1361.3887
1955-09-15,1361.5599
1955-10-15,1361.4622
1955-11-15,1361.4468
1955-12-15,1361.7933
1956-01-15,1361.6981
1956-02-15,1361.3638
1956-03-15,1361.9045
1956-04-15,1362.1929
1956-05-15,1361.7933
1956-06-15,1361.9967
1956-07-15,1361.9254
1956-08-15,1361.7776
1956-09-15,1362.191
1956-10-15,1362.443
1956-11-15,1362.0168
1956-12-15,1362.3947
1957-01-15,1362.8168
1957-02-15,1362.7411
1957-03-15,1362.4327
1957-04-15,1362.4178
1957-05-15,1362.2208
1957-06-15,1361.9152
1957-07-15,1362.4283
1957-08-15,1362.5094
1957-09-15,1361.9077
1957-10-15,1362.3375
1957-11-15,1363.0133
1957-12-15,1362.4686
1958-01-15,1362.8154
1958-02-15,1362.5168
1958-03-15,1361.8557
1958-04-15,1362.2704
1958-05-15,1362.5632
1958-06-15,1362.5243
1958-07-15,1362.0953
1958-08-15,1362.4133
1958-09-15,1362.3784
1958-10-15,1362.6594
1958-11-15,1362.6675
1958-12-15,1362.1056
1959-01-15,1361.8129
1959-02-15,1362.6514
1959-03-15,1361.9777
1959-04-15,1362.3389
1959-05-15,1362.1609
1959-06-15,1362.096
1959-07-15,1362.1787
1959-08-15,1361.8456
1959-09-15,1362.2888
1959-10-15,1362.2427
1959-11-15,1361.8425
1959-12-15,1361.776
1960-01-15,1361.96
1960-02-15,1362.1581
1960-03-15,1362.0981
1960-04-15,1361.8293
1960-05-15,1361.8043
1960-06-15,1362.118
1960-07-15,1361.8435
1960-08-15,1361.7975
1960-09-15,1362.1191
1960-10-15,1361.9889
1960-11-15,1361.7393
1960-12-15,1361.8734
1961-01-15,1361.7827
1961-02-15,1361.7361
1961-03-15,1361.5942
1961-04-15,1361.5234
1961-05-15,1361.581
1961-06-15,1361.4086
1961-07-15,1361.3933
1961-08-15,1361.684
1961-09-15,1361.4077
1961-10-15,1361.6146
1961-11-15,1361.5118
1961-12-15,1361.4519
1962-01-15,1361.3217
1962-02-15,1361.306
1962-03-15,1361.4727
1962-04-15,1361.4404
1962-05-15,1361.3961
1962-06-15,1361.4811
1962-07-15,1361.42
1962-08-15,1361.3688
1962-09-15,1361.181
1962-10-15,1361.3514
1962-11-15,1361.3788
1962-12-15,1361.38
1963-01-15,1361.3417
1963-02-15,1361.3456
1963-03-15,1361.3553
1963-04-15,1361.2782
1963-05-15,1361.2596
1963-06-15,1361.3296
1963-07-15,1361.3809
1963-08-15,1361.2981
1963-09-15,1361.1469
1963-10-15,1361.2758
1963-11-15,1361.3938
1963-12-15,1361.39
1964-01-15,1361.3055
1964-02-15,1361.2924
1964-03-15,1361.29
1964-04-15,1361.3284
1964-05-15,1361.2941
1964-06-15,1361.2861
1964-07-15,1361.2771
1964-08-15,1361.275
1964-09-15,1361.2942
1964-10-15,1361.3096
1964-11-15,1361.3038
1964-12-15,1361.3055
1965-01-15,1361.3057
1965-02-15,1361.294
1965-03-15,1361.3223
1965-04-15,1361.3228
1965-05-15,1361.3002
1965-06-15,1361.3771
1965-07-15,1361.376
1965-08-15,1361.3881
1965-09-15,1361.3218
1965-10-15,1361.3284
1965-11-15,1361.3242
1965-12-15,1361.3136
1966-01-15,1361.337
1966-02-15,1361.407
1966-03-15,1361.3395
1966-04-15,1361.3464
1966-05-15,1361.5814
1966-06-15,1361.6274
1966-07-15,1361.5747
1966-08-15,1361.6624
1966-09-15,1361.5258
1966-10-15,1361.6444
1966-11-15,1361.6288
1966-12-15,1361.6349
1967-01-15,1361.4661
1967-02-15,1361.6979
1967-03-15,1361.6385
1967-04-15,1362.0503
1967-05-15,1361.6189
1967-06-15,1361.7866
1967-07-15,1361.5917
1967-08-15,1361.6663
1967-09-15,1362.0507
1967-10-15,1361.9154
1967-11-15,1361.7352
1967-12-15,1361.6265
1968-01-15,1361.6825
1968-02-15,1361.9904
1968-03-15,1362.0809
1968-04-15,1361.9121
1968-05-15,1361.6276
1968-06-15,1361.566
1968-07-15,1361.7847
1968-08-15,1361.7094
1968-09-15,1361.8163
1968-10-15,1361.8217
1968-11-15,1361.8479
1968-12-15,1361.6589
1969-01-15,1361.7872
1969-02-15,1361.9324
1969-03-15,1361.7576
1969-04-15,1361.9167
1969-05-15,1361.9492
1969-06-15,1361.7538
1969-07-15,1361.976
1969-08-15,1361.9036
1969-09-15,1362.0052
1969-10-15,1361.6981
1969-11-15,1361.7501
1969-12-15,1361.8771
1970-01-15,1361.801
1970-02-15,1361.6753
1970-03-15,1362.0779
1970-04-15,1361.8578
1970-05-15,1361.7317
1970-06-15,1361.9685
1970-07-15,1361.8042
1970-08-15,1361.9215
1970-09-15,1361.8002
1970-10-15,1361.8386
1970-11-15,1361.8328
1970-12-15,1361.8816
1971-01-15,1361.6272
1971-02-15,1361.6896
1971-03-15,1361.7468
1971-04-15,1361.5632
1971-05-15,1361.5775
1971-06-15,1361.6584
1971-07-15,1361.4293
1971-08-15,1361.4008
1971-09-15,1361.6577
1971-10-15,1361.3588
1971-11-15,1361.4739
1971-12-15,1361.5361
1972-01-15,1361.7437
1972-02-15,1361.54
1972-03-15,1361.6204
1972-04-15,1361.8308
1972-05-15,1361.5281
1972-06-15,1361.6233
1972-07-15,1361.808
1972-08-15,1361.7053
1972-09-15,1361.7495
1972-10-15,1361.4884
1972-11-15,1361.6082
1972-12-15,1361.4517
1973-01-15,1361.5281
1973-02-15,1361.4995
1973-03-15,1361.3502
1973-04-15,1361.3999
1973-05-15,1361.531
1973-06-15,1361.4863
1973-07-15,1361.4484
1973-08-15,1361.4093
1973-09-15,1361.2368
1973-10-15,1361.4066
1973-11-15,1361.3606
1973-12-15,1361.3307
1974-01-15,1361.3252
1974-02-15,1361.3242
1974-03-15,1361.371
1974-04-15,1361.2853
1974-05-15,1361.423
1974-06-15,1361.448
1974-07-15,1361.2273
1974-08-15,1361.3646
1974-09-15,1361.2642
1974-10-15,1361.2915
1974-11-15,1361.4236
1974-12-15,1361.3254
1975-01-15,1361.2854
1975-02-15,1361.2616
1975-03-15,1361.2625
1975-04-15,1361.2815
1975-05-15,1361.2869
1975-06-15,1361.2657
1975-07-15,1361.2236
1975-08-15,1361.1487
1975-09-15,1361.448
1975-10-15,1361.3324
1975-11-15,1361.2452
1975-12-15,1361.298
1976-01-15,1361.2709
1976-02-15,1361.265
1976-03-15,1361.1595
1976-04-15,1361.2051
1976-05-15,1361.3026
1976-06-15,1361.2734
1976-07-15,1361.2355
1976-08-15,1361.2334
1976-09-15,1361.2908
1976-10-15,1361.3384
1976-11-15,1361.2686
1976-12-15,1361.2306
1977-01-15,1361.2944
1977-02-15,1361.3986
1977-03-15,1361.37
1977-04-15,1361.3494
1977-05-15,1361.4407
1977-06-15,1361.2842
1977-07-15,1361.4373
1977-08-15,1361.4773
1977-09-15,1361.2451
1977-10-15,1361.47
1977-11-15,1361.7826
1977-12-15,1361.592
1978-01-15,1361.7965
1978-02-15,1361.4407
1978-03-15,1361.6738
1978-04-15,1361.6823
1978-05-15,1361.8182
1978-06-15,1361.9956
1978-07-15,1361.9633
1978-08-15,1362.1033
1978-09-15,1361.7832
1978-10-15,1362.1195
1978-11-15,1361.9269
1978-12-15,1361.4049
1979-01-15,1361.9319
1979-02-15,1362.2645
1979-03-15,1362.7245
1979-04-15,1362.1917
1979-05-15,1362.298
1979-06-15,1361.6838
1979-07-15,1362.1976
1979-08-15,1362.0955
1979-09-15,1362.1509
1979-10-15,1362.1473
1979-11-15,1361.9227
1979-12-15,1362.4775
1980-01-15,1362.4476
1980-02-15,1362.1923
1980-03-15,1362.6199
1980-04-15,1361.8197
1980-05-15,1361.9757
1980-06-15,1362.3445
1980-07-15,1362.2699
1980-08-15,1362.2822
1980-09-15,1362.1666
1980-10-15,1362.1173
1980-11-15,1361.6118
1980-12-15,1362.5387
1981-01-15,1362.6483
1981-02-15,1362.1078
1981-03-15,1362.2867
1981-04-15,1362.6357
1981-05-15,1362.3014
1981-06-15,1362.1619
1981-07-15,1361.344
1981-08-15,1362.6686
1981-09-15,1362.3064
1981-10-15,1361.9688
1981-11-15,1362.3232
1981-12-15,1362.2302
1982-01-15,1362.4714
1982-02-15,1361.3713
1982-03-15,1361.3518
1982-04-15,1362.0371
1982-05-15,1361.9899
1982-06-15,1361.056
1982-07-15,1361.7031
1982-08-15,1361.7426
1982-09-15,1362.0724
1982-10-15,1362.2015
1982-11-15,1361.8754
1982-12-15,1361.7615
1983-01-15,1362.0726
1983-02-15,1361.8119
1983-03-15,1361.8257
1983-04-15,1361.8279
1983-05-15,1361.6686
1983-06-15,1361.6803
1983-07-15,1361.8835
1983-08-15,1362.0338
1983-09-15,1361.8439
1983-10-15,1361.6484
1983-11-15,1361.7467
1983-12-15,1361.675
1984-01-15,1360.9341
1984-02-15,1361.181
1984-03-15,1361.7621
1984-04-15,1361.0679
1984-05-15,1361.3163
1984-06-15,1361.6952
1984-07-15,1361.7286
1984-08-15,1361.5863
1984-09-15,1361.5039
1984-10-15,1361.3954
1984-11-15,1361.2771
1984-12-15,1361.3617
1985-01-15,1361.244
1985-02-15,1361.3068
1985-03-15,1361.2611
1985-04-15,1361.1294
1985-05-15,1361.2296
1985-06-15,1361.291
1985-07-15,1361.234
1985-08-15,1361.3628
1985-09-15,1361.2748
1985-10-15,1361.194
1985-11-15,1361.2491
1985-12-15,1361.294
1986-01-15,1361.2906
1986-02-15,1361.1675
1986-03-15,1361.3021
1986-04-15,1361.2607
1986-05-15,1361.3339
1986-06-15,1361.265
1986-07-15,1361.2526
1986-08-15,1361.204
1986-09-15,1361.2097
1986-10-15,1361.2418
1986-11-15,1361.325
1986-12-15,1361.2795
1987-01-15,1361.2693
1987-02-15,1361.2632
1987-03-15,1361.267
1987-04-15,1361.2163
1987-05-15,1361.345
1987-06-15,1361.4546
1987-07-15,1361.4686
1987-08-15,1361.375
1987-09-15,1361.459
1987-10-15,1361.442
1987-11-15,1361.5863
1987-12-15,1361.6024
1988-01-15,1361.6593
1988-02-15,1361.7173
1988-03-15,1361.534
1988-04-15,1361.6476
1988-05-15,1361.9204
1988-06-15,1361.5718
1988-07-15,1361.3488
1988-08-15,1361.71
1988-09-15,1361.9706
1988-10-15,1361.6415
1988-11-15,1361.9169
1988-12-15,1361.8024
1989-01-15,1362.0247
1989-02-15,1362.1587
1989-03-15,1361.9265
1989-04-15,1362.1699
1989-05-15,1362.3761
1989-06-15,1361.824
1989-07-15,1362.7047
1989-08-15,1362.05
1989-09-15,1361.7678
1989-10-15,1362.5636
1989-11-15,1362.394
1989-12-15,1362.4291
1990-01-15,1362.4414
1990-02-15,1362.2257
1990-03-15,1362.2379
1990-04-15,1362.4851
1990-05-15,1362.1062
1990-06-15,1362.3877
1990-07-15,1362.0226
1990-08-15,1361.6699
1990-09-15,1362.4089
1990-10-15,1362.1974
1990-11-15,1361.3508
1990-12-15,1361.921
1991-01-15,1361.5348
1991-02-15,1361.8354
1991-03-15,1361.9319
1991-04-15,1362.6871
1991-05-15,1361.9824
1991-06-15,1361.9777
1991-07-15,1362.23
1991-08-15,1362.193
1991-09-15,1362.5004
1991-10-15,1361.6536
1991-11-15,1362.221
1991-12-15,1361.4285
1992-01-15,1362.0728
1992-02-15,1361.9536
1992-03-15,1362.3589
1992-04-15,1362.2018
1992-05-15,1362.0342
1992-06-15,1361.9097
1992-07-15,1361.6243
1992-08-15,1361.6045
1992-09-15,1361.7617
1992-10-15,1361.4755
1992-11-15,1361.7032
1992-12-15,1361.882
1993-01-15,1361.9104
1993-02-15,1361.4453
1993-03-15,1361.8
1993-04-15,1361.7788
1993-05-15,1361.7452
1993-06-15,1361.7415
1993-07-15,1361.6942
1993-08-15,1361.653
1993-09-15,1361.4954
1993-10-15,1361.296
1993-11-15,1361.331
1993-12-15,1361.461
1994-01-15,1361.2896
1994-02-15,1361.5887
1994-03-15,1361.6433
1994-04-15,1361.4783
1994-05-15,1361.386
1994-06-15,1361.378
1994-07-15,1361.3567
1994-08-15,1361.3743
1994-09-15,1361.2416
1994-10-15,1361.2976
1994-11-15,1361.4373
1994-12-15,1361.2954
1995-01-15,1361.4304
1995-02-15,1361.4099
1995-03-15,1361.3363
1995-04-15,1361.2808
1995-05-15,1361.2805
1995-06-15,1361.3293
1995-07-15,1361.3048
1995-08-15,1361.3181
1995-09-15,1361.3
1995-10-15,1361.2302
1995-11-15,1361.2811
1995-12-15,1361.241
1996-01-15,1361.2712
1996-02-15,1361.228
1996-03-15,1361.1904
1996-04-15,1361.2086
1996-05-15,1361.2434
1996-06-15,1361.2332
1996-07-15,1361.2281
1996-08-15,1361.2538
1996-09-15,1361.2888
1996-10-15,1361.2366
1996-11-15,1361.1157
1996-12-15,1361.3204
1997-01-15,1361.2993
1997-02-15,1361.2887
1997-03-15,1361.3068
1997-04-15,1361.3026
1997-05-15,1361.3402
1997-06-15,1361.3289
1997-07-15,1361.332
1997-08-15,1361.3864
1997-09-15,1361.2416
1997-10-15,1361.5432
1997-11-15,1361.4308
1997-12-15,1361.4747
1998-01-15,1361.5787
1998-02-15,1361.5168
1998-03-15,1361.4003
1998-04-15,1361.6934
1998-05-15,1361.6041
1998-06-15,1361.6506
1998-07-15,1361.8511
1998-08-15,1361.6605
1998-09-15,1361.6462
1998-10-15,1361.9623
1998-11-15,1361.8809
1998-12-15,1361.9692
1999-01-15,1362.1042
1999-02-15,1361.8348
1999-03-15,1361.9711
1999-04-15,1361.8689
1999-05-15,1361.9812
1999-06-15,1361.9734
1999-07-15,1362.0599
1999-08-15,1362.0675
1999-09-15,1362.2136
1999-10-15,1361.7329
1999-11-15,1361.9132
1999-12-15,1361.9463
2000-01-15,1362.3506
2000-02-15,1362.1687
2000-03-15,1361.9939
2000-04-15,1362.2375
2000-05-15,1361.9108
2000-06-15,1362.0281
2000-07-15,1362.1401
2000-08-15,1362.5767
2000-09-15,1361.984
2000-10-15,1362.6084
2000-11-15,1362.4606
2000-12-15,1362.5686
2001-01-15,1362.2892
2001-02-15,1362.3119
2001-03-15,1361.8824
2001-04-15,1361.8597
2001-05-15,1362.0925
2001-06-15,1362.0206
2001-07-15,1362.217
2001-08-15,1361.9353
2001-09-15,1361.7737
2001-10-15,1362.2314
2001-11-15,1361.9543
2001-12-15,1362.4086
2002-01-15,1362.8835
2002-02-15,1362.8602
2002-03-15,1362.5936
2002-04-15,1362.1416
2002-05-15,1362.1659
2002-06-15,1362.1512
2002-07-15,1361.629
2002-08-15,1361.7991
2002-09-15,1361.9845
2002-10-15,1361.9357
2002-11-15,1361.8413
2002-12-15,1362.3444
2003-01-15,1362.2438
2003-02-15,1362.1492
2003-03-15,1361.6288
2003-04-15,1361.6735
2003-05-15,1361.6788
2003-06-15,1361.5311
2003-07-15,1361.6709
2003-08-15,1361.7899
2003-09-15,1361.8505
2003-10-15,1360.7906
2003-11-15,1361.5948
2003-12-15,1361.7275
2004-01-15,1361.5123
2004-02-15,1361.5675
2004-03-15,1361.5515
2004-04-15,1361.6261
2004-05-15,1361.4795
2004-06-15,1361.506
2004-07-15,1361.1465
2004-08-15,1361.2194
2004-09-15,1361.4816
2004-10-15,1361.5154
2004-11-15,1361.4349
2004-12-15,1361.6178
2005-01-15,1361.1162
2005-02-15,1361.3435
2005-03-15,1361.313
2005-04-15,1361.2676
2005-05-15,1361.2483
2005-06-15,1361.2291
2005-07-15,1361.2877
2005-08-15,1361.3584
2005-09-15,1361.1774
2005-10-15,1361.3395
2005-11-15,1361.1814
2005-12-15,1361.2891
2006-01-15,1361.3391
2006-02-15,1361.3048
2006-03-15,1361.2397
2006-04-15,1361.262
2006-05-15,1361.4227
2006-06-15,1361.2767
2006-07-15,1361.2229
2006-08-15,1361.0892
2006-09-15,1361.262
2006-10-15,1361.28
2006-11-15,1361.0597
2006-12-15,1361.0748
2007-01-15,1361.09
2007-02-15,1361.1149
2007-03-15,1361.1953
2007-04-15,1361.1434
2007-05-15,1361.1669
2007-06-15,1361.2335
2007-07-15,1361.1835
2007-08-15,1361.2196
2007-09-15,1361.1638
2007-10-15,1361.163
2007-11-15,1361.1566
2007-12-15,1361.188
2008-01-15,1361.2716
2008-02-15,1361.2172
2008-03-15,1361.1671
2008-04-15,1361.2498
2008-05-15,1361.2313
2008-06-15,1361.1765
2008-07-15,1361.1759
2008-08-15,1361.1876
2008-09-15,1361.1763
2008-10-15,1361.1957
2008-11-15,1361.1726
2008-12-15,1361.1406
2009-01-15,1361.143
2009-02-15,1361.1578
2009-03-15,1361.1624
2009-04-15,1361.1606
2009-05-15,1361.2239
2009-06-15,1361.2194
2009-07-15,1361.1716
2009-08-15,1361.1616
2009-09-15,1361.1797
2009-10-15,1361.2013
2009-11-15,1361.2705
2009-12-15,1361.2396
2010-01-15,1361.2754
2010-02-15,1361.3927
2010-03-15,1361.3057
2010-04-15,1361.3822
2010-05-15,1361.3627
2010-06-15,1361.3256
2010-07-15,1361.4047
2010-08-15,1361.3546
2010-09-15,1361.3553
2010-10-15,1361.2633
2010-11-15,1361.3619
2010-12-15,1361.2983
2011-01-15,1361.3356
2011-02-15,1361.3511
2011-03-15,1361.3741
2011-04-15,1361.7372
2011-05-15,1361.7183
2011-06-15,1361.7072
2011-07-15,1361.5732
2011-08-15,1361.4954
2011-09-15,1361.4998
2011-10-15,1361.6578
2011-11-15,1361.8337
2011-12-15,1361.9802
2012-01-15,1361.8209
2012-02-15,1361.795
2012-03-15,1361.6506
2012-04-15,1361.7693
2012-05-15,1361.6517
2012-06-15,1361.7397
2012-07-15,1361.4606
2012-08-15,1361.8741
2012-09-15,1362.0159
2012-10-15,1361.7957
2012-11-15,1361.8445
2012-12-15,1361.8113
2013-01-15,1361.6747
2013-02-15,1361.69
2013-03-15,1361.8337
2013-04-15,1361.7037
2013-05-15,1361.9454
2013-06-15,1361.8801
2013-07-15,1361.9081
2013-08-15,1361.9625
2013-09-15,1361.8994
2013-10-15,1361.6393
2013-11-15,1361.6637
2013-12-15,1361.9404
2014-01-15,1361.6924
2014-02-15,1361.5901
2014-03-15,1362.2932
2014-04-15,1362.0272
2014-05-15,1361.9138
2014-06-15,1361.7971
2014-07-15,1361.8143
2014-08-15,1362.005
2014-09-15,1361.963
2014-10-15,1361.5731
2014-11-15,1362.0165
2014-12-15,1361.9578
2015-01-15,1362.0659
2015-02-15,1362.4369
2015-03-15,1362.1709
2015-04-15,1362.2218
2015-05-15,1362.0271
2015-06-15,1361.8427
2015-07-15,1361.9988
2015-08-15,1361.6337
2015-09-15,1361.5824
2015-10-15,1361.788
2015-11-15,1361.896
2015-12-15,1361.762
2016-01-15,1361.704
2016-02-15,1361.7703
2016-03-15,1361.5923
2016-04-15,1361.2639
2016-05-15,1361.4188
2016-06-15,1361.4874
2016-07-15,1361.4229
2016-08-15,1361.4545
2016-09-15,1361.4265
2016-10-15,1361.3861
2016-11-15,1361.3805
2016-12-15,1361.2803
2017-01-15,1361.3027
2017-02-15,1361.3522
2017-03-15,1361.2594
2017-04-15,1361.312
2017-05-15,1361.3613
2017-06-15,1361.371
2017-07-15,1361.2212
2017-08-15,1361.2158
2017-09-15,1361.0613
2017-10-15,1361.3802
2017-11-15,1361.3558
2017-12-15,1361.307
2018-01-15,1361.2626
2018-02-15,1361.199
2018-03-15,1361.2217
2018-04-15,1361.2584
2018-05-15,1361.2977
2018-06-15,1361.321
2018-07-15,1361.3112
2018-08-15,1361.2745
2018-09-15,1361.2583
2018-10-15,1361.2627
2018-11-15,1361.227
2018-12-15,1361.2499
2019-01-15,1361.2559
2019-02-15,1361.2721
2019-03-15,1361.2639
2019-04-15,1361.1895
2019-05-15,1361.2292
2019-06-15,1361.3027
2019-07-15,1361.2819
2019-08-15,1361.2537
2019-09-15,1361.2471
2019-10-15,1361.2444
2019-11-15,1361.2612
2019-12-15,1361.2649
2020-01-15,1361.2808
2020-02-15,1361.2573
2020-03-15,1361.2633
2020-04-15,1361.237
2020-05-15,1361.2863
2020-06-15,1361.3076
2020-07-15,1361.288
2020-08-15,1361.371
2020-09-15,1361.3176
2020-10-15,1361.3539
2020-11-15,1361.3816
2020-12-15,1361.5228
2021-01-15,1361.4215
2021-02-15,1361.3696
2021-03-15,1361.4412
2021-04-15,1361.3999
2021-05-15,1361.4021
2021-06-15,1361.4774
2021-07-15,1361.581
2021-08-15,1361.5167
2021-09-15,1361.4973
2021-10-15,1361.5236
2021-11-15,1361.5828
2021-12-15,1361.6472
2022-01-15,1361.67
2022-02-15,1361.8533
2022-03-15,1361.8098
2022-04-15,1361.9296
2022-05-15,1362.1365
2022-06-15,1362.1174
2022-07-15,1361.9788
2022-08-15,1361.9519
2022-09-15,1362.1454
2022-10-15,1362.2289
2022-11-15,1362.0884
2022-12-15,1361.862
2023-01-15,1362.1772
2023-02-15,1362.4064
2023-03-15,1362.5898
2023-04-15,1362.572
2023-05-15,1362.144
2023-06-15,1362.5377
2023-07-15,1362.033
2023-08-15,1362.543
2023-09-15,1362.6113
2023-10-15,1362.822
2023-11-15,1362.5399
2023-12-15,1362.4066
2024-01-15,1362.6362
2024-02-15,1362.2043
2024-03-15,1362.5046
2024-04-15,1362.6205
2024-05-15,1362.3502
2024-06-15,1362.4741
2024-07-15,1362.7909
2024-08-15,1362.3158
2024-09-15,1363.2379
2024-10-15,1362.4122
2024-11-15,1362.5304
2024-12-15,1362.6963
2025-01-15,1362.6112
2025-02-15,1362.5714
2025-03-15,1362.8842
2025-04-15,1362.5593
2025-05-15,1362.0984
2025-06-15,1362.2878
2025-07-15,1362.4957
2025-08-15,1362.3425
2025-09-15,1362.3715
2025-10-15,1362.3833
2025-11-15,1362.2733
2025-12-15,1362.1208
